Game,URL,Category,Tier,Mechanic family,Data we would use,Engine / what we have,Note
Chess.com Daily Puzzle,https://www.chess.com/daily-chess-puzzle,Card/Board Games,3,Chess/board puzzle,Lichess (CC0) for chess; self-made for the rest,Chess (live),Proprietary publisher content or brand. Rebuild the idea under our own name if at all; never copy their puzzles.
Chessguessr,https://www.chessguessr.com,Card/Board Games,3,Chess/board puzzle,Lichess (CC0) for chess; self-made for the rest,Chess (live),"Built around someone's characters, brand or league. The mechanic is free; the content is not."
Chessle,https://jackli.gg/chessle,Card/Board Games,1,Chess/board puzzle,Lichess (CC0) for chess; self-made for the rest,Chess (live),"Mechanic is free to rebuild. Use our own code, art, wording and an open or self-made data set."
Echo Chess,https://echochess.com,Card/Board Games,3,Chess/board puzzle,Lichess (CC0) for chess; self-made for the rest,Chess (live),Proprietary publisher content or brand. Rebuild the idea under our own name if at all; never copy their puzzles.
Enchant Worldle,https://enchantworldle.com,Card/Board Games,3,Map / flag / place guess,"Natural Earth, Wikidata, Wikimedia Commons",Map and flag engine,"Built around someone's characters, brand or league. The mechanic is free; the content is not."
Kickoff League,https://kickoffleague.com,Card/Board Games,1,Other,Check case by case,Case by case,"Mechanic is free to rebuild. Use our own code, art, wording and an open or self-made data set."
lichess.org Daily Puzzle,https://lichess.org/training/daily,Card/Board Games,1,Chess/board puzzle,Lichess (CC0) for chess; self-made for the rest,Chess (live),"Mechanic is free to rebuild. Use our own code, art, wording and an open or self-made data set."
Mahjong Handle,https://mahjong-handle.update.sh,Card/Board Games,1,Chess/board puzzle,Lichess (CC0) for chess; self-made for the rest,Chess (live),"Mechanic is free to rebuild. Use our own code, art, wording and an open or self-made data set."
Matle,https://www.matle.io,Card/Board Games,1,Attribute guess (-dle),Open dataset with comparable attributes,Attribute-guess engine (building now),"Mechanic is free to rebuild. Use our own code, art, wording and an open or self-made data set."
Pokle,https://poklegame.com,Card/Board Games,3,Attribute guess (-dle),Open dataset with comparable attributes,Attribute-guess engine (building now),"Built around someone's characters, brand or league. The mechanic is free; the content is not."
Prince Chazz,https://princechazz.com,Card/Board Games,3,Other,Check case by case,Case by case,"Built around someone's characters, brand or league. The mechanic is free; the content is not."
Puzzmo - Pile-Up Poker,https://www.puzzmo.com/play/pile-up-poker,Card/Board Games,3,Chess/board puzzle,Lichess (CC0) for chess; self-made for the rest,Chess (live),Proprietary publisher content or brand. Rebuild the idea under our own name if at all; never copy their puzzles.
Puzzmo - Really Bad Chess,https://www.puzzmo.com/play/really-bad-chess,Card/Board Games,3,Chess/board puzzle,Lichess (CC0) for chess; self-made for the rest,Chess (live),Proprietary publisher content or brand. Rebuild the idea under our own name if at all; never copy their puzzles.
Ronin,https://www.andrewt.net/puzzles/ronin/,Card/Board Games,1,Logic grid / number logic,Self-generated (we have a Sudoku generator),Sudoku family (live) + more logic types,"Mechanic is free to rebuild. Use our own code, art, wording and an open or self-made data set."
Royal Family,https://coffeefirst.games/royal-family,Card/Board Games,1,Other,Check case by case,Case by case,"Mechanic is free to rebuild. Use our own code, art, wording and an open or self-made data set."
Scrokkdle,https://scrokkle.io/daily,Card/Board Games,3,Attribute guess (-dle),Open dataset with comparable attributes,Attribute-guess engine (building now),"Built around someone's characters, brand or league. The mechanic is free; the content is not."
Spellify,https://edhrec.com/games/spellify,Card/Board Games,3,Letter-set / boggle,Open word list (ENABLE),Letter-set engine,Proprietary publisher content or brand. Rebuild the idea under our own name if at all; never copy their puzzles.
Sporcle - Chess Attack,https://www.sporcle.com/chess-attack/play,Card/Board Games,3,Chess/board puzzle,Lichess (CC0) for chess; self-made for the rest,Chess (live),Proprietary publisher content or brand. Rebuild the idea under our own name if at all; never copy their puzzles.
Sudoker,https://sudoker.io,Card/Board Games,1,Other,Check case by case,Case by case,"Mechanic is free to rebuild. Use our own code, art, wording and an open or self-made data set."
Takes,https://takes.clevergoat.com,Card/Board Games,1,Other,Check case by case,Case by case,"Mechanic is free to rebuild. Use our own code, art, wording and an open or self-made data set."
YGOdle,https://www.ygodle.net/,Card/Board Games,3,Attribute guess (-dle),Open dataset with comparable attributes,Attribute-guess engine (building now),"Built around someone's characters, brand or league. The mechanic is free; the content is not."
Zaku Chess,https://zakuchess.com,Card/Board Games,3,Chess/board puzzle,Lichess (CC0) for chess; self-made for the rest,Chess (live),Proprietary publisher content or brand. Rebuild the idea under our own name if at all; never copy their puzzles.
Chroma,https://robson.plus/chroma,Colors,1,Color match,Self-generated,Color engine,"Mechanic is free to rebuild. Use our own code, art, wording and an open or self-made data set."
Colordle,https://colordle.ryantanen.com,Colors,1,Color match,Self-generated,Color engine,"Mechanic is free to rebuild. Use our own code, art, wording and an open or self-made data set."
Colorfle,https://colorfle.com,Colors,1,Color match,Self-generated,Color engine,"Mechanic is free to rebuild. Use our own code, art, wording and an open or self-made data set."
ColorGuesser,https://colorguesser.com,Colors,1,Color match,Self-generated,Color engine,"Mechanic is free to rebuild. Use our own code, art, wording and an open or self-made data set."
Crayondle,https://crayondle.com,Colors,1,Color match,Self-generated,Color engine,"Mechanic is free to rebuild. Use our own code, art, wording and an open or self-made data set."
Dialed - Color Game,https://dialed.gg,Colors,1,Color match,Self-generated,Color engine,"Mechanic is free to rebuild. Use our own code, art, wording and an open or self-made data set."
Dialed - Color Toon,https://dialed.gg/color2,Colors,1,Color match,Self-generated,Color engine,"Mechanic is free to rebuild. Use our own code, art, wording and an open or self-made data set."
Hexcodle,https://www.hexcodle.com,Colors,1,Color match,Self-generated,Color engine,"Mechanic is free to rebuild. Use our own code, art, wording and an open or self-made data set."
Hexcodle Mini,https://www.hexcodle.com/mini,Colors,1,Color match,Self-generated,Color engine,"Mechanic is free to rebuild. Use our own code, art, wording and an open or self-made data set."
Amountle,https://amountle.dev,Estimation,1,Higher / lower / estimate,"Open statistics (Wikidata, World Bank)",Higher-lower engine,"Mechanic is free to rebuild. Use our own code, art, wording and an open or self-made data set."
Angle,https://angle.wtf,Estimation,1,Higher / lower / estimate,"Open statistics (Wikidata, World Bank)",Higher-lower engine,"Mechanic is free to rebuild. Use our own code, art, wording and an open or self-made data set."
Auctimate,https://guessdash.com/auctimate,Estimation,1,Higher / lower / estimate,"Open statistics (Wikidata, World Bank)",Higher-lower engine,"Mechanic is free to rebuild. Use our own code, art, wording and an open or self-made data set."
Brickdle,https://www.brickdle.com,Estimation,3,Higher / lower / estimate,"Open statistics (Wikidata, World Bank)",Higher-lower engine,"Built around someone's characters, brand or league. The mechanic is free; the content is not."
Centroid,https://centroidgame.com,Estimation,1,Higher / lower / estimate,"Open statistics (Wikidata, World Bank)",Higher-lower engine,"Mechanic is free to rebuild. Use our own code, art, wording and an open or self-made data set."
Costcodle,https://costcodle.com,Estimation,3,Higher / lower / estimate,"Open statistics (Wikidata, World Bank)",Higher-lower engine,"Built around someone's characters, brand or league. The mechanic is free; the content is not."
Cutle,https://pfiffel.com/cutle/,Estimation,1,Higher / lower / estimate,"Open statistics (Wikidata, World Bank)",Higher-lower engine,"Mechanic is free to rebuild. Use our own code, art, wording and an open or self-made data set."
Dialed - Sound Game,https://dialed.gg/sound,Estimation,1,Higher / lower / estimate,"Open statistics (Wikidata, World Bank)",Higher-lower engine,"Mechanic is free to rebuild. Use our own code, art, wording and an open or self-made data set."
Dialed - Time Game,https://dialed.gg/time,Estimation,1,Higher / lower / estimate,"Open statistics (Wikidata, World Bank)",Higher-lower engine,"Mechanic is free to rebuild. Use our own code, art, wording and an open or self-made data set."
Estimania,https://estimania.app,Estimation,1,Higher / lower / estimate,"Open statistics (Wikidata, World Bank)",Higher-lower engine,"Mechanic is free to rebuild. Use our own code, art, wording and an open or self-made data set."
Estimate Me,https://estimate-me.aukspot.com,Estimation,1,Higher / lower / estimate,"Open statistics (Wikidata, World Bank)",Higher-lower engine,"Mechanic is free to rebuild. Use our own code, art, wording and an open or self-made data set."
Estimatle,https://estimatle.com,Estimation,1,Higher / lower / estimate,"Open statistics (Wikidata, World Bank)",Higher-lower engine,"Mechanic is free to rebuild. Use our own code, art, wording and an open or self-made data set."
Far Out,https://www.faroutquiz.com,Estimation,1,Higher / lower / estimate,"Open statistics (Wikidata, World Bank)",Higher-lower engine,"Mechanic is free to rebuild. Use our own code, art, wording and an open or self-made data set."
Fermi,https://fermi.gg,Estimation,1,Higher / lower / estimate,"Open statistics (Wikidata, World Bank)",Higher-lower engine,"Mechanic is free to rebuild. Use our own code, art, wording and an open or self-made data set."
Guess The Angle,https://guesstheangle.wtf,Estimation,1,Higher / lower / estimate,"Open statistics (Wikidata, World Bank)",Higher-lower engine,"Mechanic is free to rebuild. Use our own code, art, wording and an open or self-made data set."
Guess The House,https://guessthe.house,Estimation,1,Higher / lower / estimate,"Open statistics (Wikidata, World Bank)",Higher-lower engine,"Mechanic is free to rebuild. Use our own code, art, wording and an open or self-made data set."
haggle,https://haggle.gg,Estimation,1,Higher / lower / estimate,"Open statistics (Wikidata, World Bank)",Higher-lower engine,"Mechanic is free to rebuild. Use our own code, art, wording and an open or self-made data set."
Halfsies,https://halfsies.dev,Estimation,1,Higher / lower / estimate,"Open statistics (Wikidata, World Bank)",Higher-lower engine,"Mechanic is free to rebuild. Use our own code, art, wording and an open or self-made data set."
Housle,https://housle.house,Estimation,1,Higher / lower / estimate,"Open statistics (Wikidata, World Bank)",Higher-lower engine,"Mechanic is free to rebuild. Use our own code, art, wording and an open or self-made data set."
Magnitudle,https://magnitudle.com/daily,Estimation,1,Higher / lower / estimate,"Open statistics (Wikidata, World Bank)",Higher-lower engine,"Mechanic is free to rebuild. Use our own code, art, wording and an open or self-made data set."
Moneyline,https://moneyline.fromthethink.com,Estimation,1,Higher / lower / estimate,"Open statistics (Wikidata, World Bank)",Higher-lower engine,"Mechanic is free to rebuild. Use our own code, art, wording and an open or self-made data set."
More/Less,https://lessgames.com/moreless,Estimation,1,Higher / lower / estimate,"Open statistics (Wikidata, World Bank)",Higher-lower engine,"Mechanic is free to rebuild. Use our own code, art, wording and an open or self-made data set."
Motion Path,https://motionpath.app,Estimation,1,Higher / lower / estimate,"Open statistics (Wikidata, World Bank)",Higher-lower engine,"Mechanic is free to rebuild. Use our own code, art, wording and an open or self-made data set."
Packle,https://packle.top,Estimation,1,Higher / lower / estimate,"Open statistics (Wikidata, World Bank)",Higher-lower engine,"Mechanic is free to rebuild. Use our own code, art, wording and an open or self-made data set."
Per Night,https://pernight.app,Estimation,1,Higher / lower / estimate,"Open statistics (Wikidata, World Bank)",Higher-lower engine,"Mechanic is free to rebuild. Use our own code, art, wording and an open or self-made data set."
Perceptle,https://perceptle.com,Estimation,1,Higher / lower / estimate,"Open statistics (Wikidata, World Bank)",Higher-lower engine,"Mechanic is free to rebuild. Use our own code, art, wording and an open or self-made data set."
Size It Up,https://magnitudle.com/size-it-up,Estimation,1,Higher / lower / estimate,"Open statistics (Wikidata, World Bank)",Higher-lower engine,"Mechanic is free to rebuild. Use our own code, art, wording and an open or self-made data set."
Temple,https://tck.mn/temple,Estimation,1,Higher / lower / estimate,"Open statistics (Wikidata, World Bank)",Higher-lower engine,"Mechanic is free to rebuild. Use our own code, art, wording and an open or self-made data set."
Tilt,https://tilt.day,Estimation,1,Higher / lower / estimate,"Open statistics (Wikidata, World Bank)",Higher-lower engine,"Mechanic is free to rebuild. Use our own code, art, wording and an open or self-made data set."
Timingle,https://timingle.danielbrandao.dev,Estimation,1,Higher / lower / estimate,"Open statistics (Wikidata, World Bank)",Higher-lower engine,"Mechanic is free to rebuild. Use our own code, art, wording and an open or self-made data set."
Zonday,https://zonday.app,Estimation,1,Higher / lower / estimate,"Open statistics (Wikidata, World Bank)",Higher-lower engine,"Mechanic is free to rebuild. Use our own code, art, wording and an open or self-made data set."
Breadle,https://breadle.us/Breadle_Home/Breadle_Classic/breadle-classic.html,Food,2,Attribute guess (-dle),Open dataset with comparable attributes,Attribute-guess engine (building now),Recipes' facts are fine. Photos and brand marks need open licences.
Curdle,https://gumbo.systems/curdle/,Food,2,Attribute guess (-dle),Open dataset with comparable attributes,Attribute-guess engine (building now),Recipes' facts are fine. Photos and brand marks need open licences.
Daily Rinds,https://dailyrinds.com,Food,2,Attribute guess (-dle),Open dataset with comparable attributes,Attribute-guess engine (building now),Recipes' facts are fine. Photos and brand marks need open licences.
FoodGuessr,https://www.foodguessr.com,Food,2,Attribute guess (-dle),Open dataset with comparable attributes,Attribute-guess engine (building now),Recipes' facts are fine. Photos and brand marks need open licences.
Scrandle,https://scrandle.com,Food,2,Attribute guess (-dle),Open dataset with comparable attributes,Attribute-guess engine (building now),Recipes' facts are fine. Photos and brand marks need open licences.
Babelle,https://babelle.terrylaire.fr/,Geography,1,Map / flag / place guess,"Natural Earth, Wikidata, Wikimedia Commons",Map and flag engine,"Mechanic is free to rebuild. Use our own code, art, wording and an open or self-made data set."
Ballot Blocks,https://ballotblocks.com,Geography,1,Map / flag / place guess,"Natural Earth, Wikidata, Wikimedia Commons",Map and flag engine,"Mechanic is free to rebuild. Use our own code, art, wording and an open or self-made data set."
BallotGuessr,https://ballotguessr.com/daily,Geography,1,Map / flag / place guess,"Natural Earth, Wikidata, Wikimedia Commons",Map and flag engine,"Mechanic is free to rebuild. Use our own code, art, wording and an open or self-made data set."
Border guesser,https://borderguesser.com,Geography,1,Map / flag / place guess,"Natural Earth, Wikidata, Wikimedia Commons",Map and flag engine,"Mechanic is free to rebuild. Use our own code, art, wording and an open or self-made data set."
Capitalibrate,https://guessdash.com/capitalibrate,Geography,1,Map / flag / place guess,"Natural Earth, Wikidata, Wikimedia Commons",Map and flag engine,"Mechanic is free to rebuild. Use our own code, art, wording and an open or self-made data set."
Chartle,https://chartle.cc,Geography,1,Map / flag / place guess,"Natural Earth, Wikidata, Wikimedia Commons",Map and flag engine,"Mechanic is free to rebuild. Use our own code, art, wording and an open or self-made data set."
Countryle,https://www.countryle.com,Geography,1,Map / flag / place guess,"Natural Earth, Wikidata, Wikimedia Commons",Map and flag engine,"Mechanic is free to rebuild. Use our own code, art, wording and an open or self-made data set."
Electle,https://electle.fun,Geography,1,Map / flag / place guess,"Natural Earth, Wikidata, Wikimedia Commons",Map and flag engine,"Mechanic is free to rebuild. Use our own code, art, wording and an open or self-made data set."
Flag Connections,https://flagdoku.com/connections.html,Geography,1,Map / flag / place guess,"Natural Earth, Wikidata, Wikimedia Commons",Map and flag engine,"Mechanic is free to rebuild. Use our own code, art, wording and an open or self-made data set."
Flagdle,https://www.flagdle.org,Geography,1,Map / flag / place guess,"Natural Earth, Wikidata, Wikimedia Commons",Map and flag engine,"Mechanic is free to rebuild. Use our own code, art, wording and an open or self-made data set."
Flagdoku,https://flagdoku.com,Geography,1,Map / flag / place guess,"Natural Earth, Wikidata, Wikimedia Commons",Map and flag engine,"Mechanic is free to rebuild. Use our own code, art, wording and an open or self-made data set."
Flagged,https://gamebunny.app/flagged,Geography,1,Map / flag / place guess,"Natural Earth, Wikidata, Wikimedia Commons",Map and flag engine,"Mechanic is free to rebuild. Use our own code, art, wording and an open or self-made data set."
Flagle,https://www.flagle.io,Geography,1,Map / flag / place guess,"Natural Earth, Wikidata, Wikimedia Commons",Map and flag engine,"Mechanic is free to rebuild. Use our own code, art, wording and an open or self-made data set."
Flagle Game,https://flagle-game.com,Geography,1,Map / flag / place guess,"Natural Earth, Wikidata, Wikimedia Commons",Map and flag engine,"Mechanic is free to rebuild. Use our own code, art, wording and an open or self-made data set."
Flags Game,https://flagsgame.net,Geography,1,Map / flag / place guess,"Natural Earth, Wikidata, Wikimedia Commons",Map and flag engine,"Mechanic is free to rebuild. Use our own code, art, wording and an open or self-made data set."
GeoConnections,https://geoconnections.net,Geography,1,Map / flag / place guess,"Natural Earth, Wikidata, Wikimedia Commons",Map and flag engine,"Mechanic is free to rebuild. Use our own code, art, wording and an open or self-made data set."
Geodle,https://geodle.me,Geography,1,Map / flag / place guess,"Natural Earth, Wikidata, Wikimedia Commons",Map and flag engine,"Mechanic is free to rebuild. Use our own code, art, wording and an open or self-made data set."
Geografind,https://coffeefirst.games/geografind,Geography,1,Map / flag / place guess,"Natural Earth, Wikidata, Wikimedia Commons",Map and flag engine,"Mechanic is free to rebuild. Use our own code, art, wording and an open or self-made data set."
GeoGrid,https://www.geogridgame.com,Geography,1,Map / flag / place guess,"Natural Earth, Wikidata, Wikimedia Commons",Map and flag engine,"Mechanic is free to rebuild. Use our own code, art, wording and an open or self-made data set."
Geonections,https://geonections.com,Geography,1,Map / flag / place guess,"Natural Earth, Wikidata, Wikimedia Commons",Map and flag engine,"Mechanic is free to rebuild. Use our own code, art, wording and an open or self-made data set."
GeoPaint,https://georankle.io/geopaint,Geography,1,Map / flag / place guess,"Natural Earth, Wikidata, Wikimedia Commons",Map and flag engine,"Mechanic is free to rebuild. Use our own code, art, wording and an open or self-made data set."
GeoQuest,https://geoquest.gg,Geography,1,Map / flag / place guess,"Natural Earth, Wikidata, Wikimedia Commons",Map and flag engine,"Mechanic is free to rebuild. Use our own code, art, wording and an open or self-made data set."
Geozee,https://geozee.earth,Geography,1,Map / flag / place guess,"Natural Earth, Wikidata, Wikimedia Commons",Map and flag engine,"Mechanic is free to rebuild. Use our own code, art, wording and an open or self-made data set."
GlobeHoppr,https://globehoppr.com,Geography,1,Map / flag / place guess,"Natural Earth, Wikidata, Wikimedia Commons",Map and flag engine,"Mechanic is free to rebuild. Use our own code, art, wording and an open or self-made data set."
Globeiku,https://www.globeiku.com,Geography,1,Map / flag / place guess,"Natural Earth, Wikidata, Wikimedia Commons",Map and flag engine,"Mechanic is free to rebuild. Use our own code, art, wording and an open or self-made data set."
Globle,https://globle-game.com/game,Geography,1,Map / flag / place guess,"Natural Earth, Wikidata, Wikimedia Commons",Map and flag engine,"Mechanic is free to rebuild. Use our own code, art, wording and an open or self-made data set."
Globle Capitals,https://globle-capitals.com,Geography,1,Map / flag / place guess,"Natural Earth, Wikidata, Wikimedia Commons",Map and flag engine,"Mechanic is free to rebuild. Use our own code, art, wording and an open or self-made data set."
Headline,https://headline.fromthethink.com,Geography,1,Map / flag / place guess,"Natural Earth, Wikidata, Wikimedia Commons",Map and flag engine,"Mechanic is free to rebuild. Use our own code, art, wording and an open or self-made data set."
HexHunt,https://thehexhunt.com,Geography,1,Map / flag / place guess,"Natural Earth, Wikidata, Wikimedia Commons",Map and flag engine,"Mechanic is free to rebuild. Use our own code, art, wording and an open or self-made data set."
Juxtastat,https://urbanstats.org/quiz.html,Geography,1,Trivia / multiple choice,"Open Trivia DB, own sets",Daily Five (live),"Mechanic is free to rebuild. Use our own code, art, wording and an open or self-made data set."
Landmarkd,https://www.landmarkdgame.com,Geography,1,Map / flag / place guess,"Natural Earth, Wikidata, Wikimedia Commons",Map and flag engine,"Mechanic is free to rebuild. Use our own code, art, wording and an open or self-made data set."
Landmarkr,https://www.landmarkr.app,Geography,1,Map / flag / place guess,"Natural Earth, Wikidata, Wikimedia Commons",Map and flag engine,"Mechanic is free to rebuild. Use our own code, art, wording and an open or self-made data set."
Locatle,https://locatle.strct.net,Geography,1,Map / flag / place guess,"Natural Earth, Wikidata, Wikimedia Commons",Map and flag engine,"Mechanic is free to rebuild. Use our own code, art, wording and an open or self-made data set."
MapGame,https://mapgame.net,Geography,1,Map / flag / place guess,"Natural Earth, Wikidata, Wikimedia Commons",Map and flag engine,"Mechanic is free to rebuild. Use our own code, art, wording and an open or self-made data set."
Mapster,https://mapster.teuteuf.fr,Geography,1,Map / flag / place guess,"Natural Earth, Wikidata, Wikimedia Commons",Map and flag engine,"Mechanic is free to rebuild. Use our own code, art, wording and an open or self-made data set."
MapTap,https://maptap.gg,Geography,1,Map / flag / place guess,"Natural Earth, Wikidata, Wikimedia Commons",Map and flag engine,"Mechanic is free to rebuild. Use our own code, art, wording and an open or self-made data set."
Neighborle,https://neighborle.com,Geography,1,Map / flag / place guess,"Natural Earth, Wikidata, Wikimedia Commons",Map and flag engine,"Mechanic is free to rebuild. Use our own code, art, wording and an open or self-made data set."
OEC Connectrade,https://oec.world/en/games/connectrade,Geography,1,Map / flag / place guess,"Natural Earth, Wikidata, Wikimedia Commons",Map and flag engine,"Mechanic is free to rebuild. Use our own code, art, wording and an open or self-made data set."
OEC Pick 5,https://oec.world/en/games/pick-5,Geography,1,Map / flag / place guess,"Natural Earth, Wikidata, Wikimedia Commons",Map and flag engine,"Mechanic is free to rebuild. Use our own code, art, wording and an open or self-made data set."
OEC Tradle,https://oec.world/en/games/tradle,Geography,1,Map / flag / place guess,"Natural Earth, Wikidata, Wikimedia Commons",Map and flag engine,"Mechanic is free to rebuild. Use our own code, art, wording and an open or self-made data set."
Passportle,https://passportle.lordos.tech,Geography,1,Map / flag / place guess,"Natural Earth, Wikidata, Wikimedia Commons",Map and flag engine,"Mechanic is free to rebuild. Use our own code, art, wording and an open or self-made data set."
Real Flag / Fake Flag,https://realflagfakeflag.com,Geography,1,Map / flag / place guess,"Natural Earth, Wikidata, Wikimedia Commons",Map and flag engine,"Mechanic is free to rebuild. Use our own code, art, wording and an open or self-made data set."
Satle,https://satle.ca,Geography,1,Map / flag / place guess,"Natural Earth, Wikidata, Wikimedia Commons",Map and flag engine,"Mechanic is free to rebuild. Use our own code, art, wording and an open or self-made data set."
SatPin,https://satpixel.com/en/satellite-pin-guess/,Geography,1,Map / flag / place guess,"Natural Earth, Wikidata, Wikimedia Commons",Map and flag engine,"Mechanic is free to rebuild. Use our own code, art, wording and an open or self-made data set."
SatZoom,https://satpixel.com/en/satellite-zoom-game/,Geography,1,Map / flag / place guess,"Natural Earth, Wikidata, Wikimedia Commons",Map and flag engine,"Mechanic is free to rebuild. Use our own code, art, wording and an open or self-made data set."
Seadle,https://seadle.muhashi.com,Geography,1,Map / flag / place guess,"Natural Earth, Wikidata, Wikimedia Commons",Map and flag engine,"Mechanic is free to rebuild. Use our own code, art, wording and an open or self-made data set."
Size It Up - Geography,https://magnitudle.com/size-it-up/geography,Geography,1,Map / flag / place guess,"Natural Earth, Wikidata, Wikimedia Commons",Map and flag engine,"Mechanic is free to rebuild. Use our own code, art, wording and an open or self-made data set."
Sporcle - WorldPlay,https://www.sporcle.com/worldplay/play,Geography,3,Map / flag / place guess,"Natural Earth, Wikidata, Wikimedia Commons",Map and flag engine,Proprietary publisher content or brand. Rebuild the idea under our own name if at all; never copy their puzzles.
Statele,https://statele.teuteuf.fr,Geography,1,Map / flag / place guess,"Natural Earth, Wikidata, Wikimedia Commons",Map and flag engine,"Mechanic is free to rebuild. Use our own code, art, wording and an open or self-made data set."
TimeGuessr,https://timeguessr.com,Geography,1,Map / flag / place guess,"Natural Earth, Wikidata, Wikimedia Commons",Map and flag engine,"Mechanic is free to rebuild. Use our own code, art, wording and an open or self-made data set."
TravelGuessr,https://travelguessr.com/,Geography,1,Map / flag / place guess,"Natural Earth, Wikidata, Wikimedia Commons",Map and flag engine,"Mechanic is free to rebuild. Use our own code, art, wording and an open or self-made data set."
travle,https://travle.earth,Geography,1,Map / flag / place guess,"Natural Earth, Wikidata, Wikimedia Commons",Map and flag engine,"Mechanic is free to rebuild. Use our own code, art, wording and an open or self-made data set."
Treasure Guessr,https://play.treasureguessr.com,Geography,1,Map / flag / place guess,"Natural Earth, Wikidata, Wikimedia Commons",Map and flag engine,"Mechanic is free to rebuild. Use our own code, art, wording and an open or self-made data set."
Vexle,https://vexle.org,Geography,1,Map / flag / place guess,"Natural Earth, Wikidata, Wikimedia Commons",Map and flag engine,"Mechanic is free to rebuild. Use our own code, art, wording and an open or self-made data set."
Viewdle,https://viewdle.org,Geography,1,Map / flag / place guess,"Natural Earth, Wikidata, Wikimedia Commons",Map and flag engine,"Mechanic is free to rebuild. Use our own code, art, wording and an open or self-made data set."
WhenTaken,https://whentaken.com,Geography,1,Map / flag / place guess,"Natural Earth, Wikidata, Wikimedia Commons",Map and flag engine,"Mechanic is free to rebuild. Use our own code, art, wording and an open or self-made data set."
WhenTaken Movies,https://movies.whentaken.com,Geography,1,Map / flag / place guess,"Natural Earth, Wikidata, Wikimedia Commons",Map and flag engine,"Mechanic is free to rebuild. Use our own code, art, wording and an open or self-made data set."
Whereabouts?,https://whereabouts.earth/daily/,Geography,1,Map / flag / place guess,"Natural Earth, Wikidata, Wikimedia Commons",Map and flag engine,"Mechanic is free to rebuild. Use our own code, art, wording and an open or self-made data set."
WhereTaken,https://wheretaken.teuteuf.fr,Geography,1,Map / flag / place guess,"Natural Earth, Wikidata, Wikimedia Commons",Map and flag engine,"Mechanic is free to rebuild. Use our own code, art, wording and an open or self-made data set."
WhereTaken USA,https://wheretakenusa.teuteuf.fr,Geography,1,Map / flag / place guess,"Natural Earth, Wikidata, Wikimedia Commons",Map and flag engine,"Mechanic is free to rebuild. Use our own code, art, wording and an open or self-made data set."
Worldle,https://worldle.teuteuf.fr,Geography,1,Map / flag / place guess,"Natural Earth, Wikidata, Wikimedia Commons",Map and flag engine,"Mechanic is free to rebuild. Use our own code, art, wording and an open or self-made data set."
Anthropeum,https://anthropeum.com,History,1,Other,Check case by case,Case by case,"Mechanic is free to rebuild. Use our own code, art, wording and an open or self-made data set."
Chronle,https://chronle.com,History,1,Attribute guess (-dle),Open dataset with comparable attributes,Attribute-guess engine (building now),"Mechanic is free to rebuild. Use our own code, art, wording and an open or self-made data set."
Chrono,https://chrono.quest,History,1,Timeline / ordering,"Wikidata (CC0), open events",Timeline engine,"Mechanic is free to rebuild. Use our own code, art, wording and an open or self-made data set."
Chrono USA,https://chrono.quest/us_history.html,History,1,Timeline / ordering,"Wikidata (CC0), open events",Timeline engine,"Mechanic is free to rebuild. Use our own code, art, wording and an open or self-made data set."
Chronophoto,https://www.chronophoto.app,History,1,Picture reveal / zoom,Openly licensed images only,Zoom-reveal engine,"Mechanic is free to rebuild. Use our own code, art, wording and an open or self-made data set."
Daydle,https://daydle.com,History,1,Attribute guess (-dle),Open dataset with comparable attributes,Attribute-guess engine (building now),"Mechanic is free to rebuild. Use our own code, art, wording and an open or self-made data set."
Past Puzzle,https://www.pastpuzzle.de,History,1,Logic grid / number logic,Self-generated (we have a Sudoku generator),Sudoku family (live) + more logic types,"Mechanic is free to rebuild. Use our own code, art, wording and an open or self-made data set."
Ripple,https://ripplegame.app,History,1,Attribute guess (-dle),Open dataset with comparable attributes,Attribute-guess engine (building now),"Mechanic is free to rebuild. Use our own code, art, wording and an open or self-made data set."
Timdle,https://www.timdle.com,History,1,Attribute guess (-dle),Open dataset with comparable attributes,Attribute-guess engine (building now),"Mechanic is free to rebuild. Use our own code, art, wording and an open or self-made data set."
Timeline,https://timeline.fromthethink.com,History,1,Timeline / ordering,"Wikidata (CC0), open events",Timeline engine,"Mechanic is free to rebuild. Use our own code, art, wording and an open or self-made data set."
TimeLine Game,https://www.playtimelines.com,History,1,Timeline / ordering,"Wikidata (CC0), open events",Timeline engine,"Mechanic is free to rebuild. Use our own code, art, wording and an open or self-made data set."
TimeSwipe,https://play.timeswipe.fun,History,1,Other,Check case by case,Case by case,"Mechanic is free to rebuild. Use our own code, art, wording and an open or self-made data set."
Which year,https://whichyr.com,History,1,Timeline / ordering,"Wikidata (CC0), open events",Timeline engine,"Mechanic is free to rebuild. Use our own code, art, wording and an open or self-made data set."
Wikitrivia,https://wikitrivia.tomjwatson.com/daily,History,1,Trivia / multiple choice,"Open Trivia DB, own sets",Daily Five (live),"Mechanic is free to rebuild. Use our own code, art, wording and an open or self-made data set."
Yeardle,https://histordle.com/yeardle,History,1,Timeline / ordering,"Wikidata (CC0), open events",Timeline engine,"Mechanic is free to rebuild. Use our own code, art, wording and an open or self-made data set."
Yearly Daily,https://coffeefirst.games/yearly-daily,History,1,Timeline / ordering,"Wikidata (CC0), open events",Timeline engine,"Mechanic is free to rebuild. Use our own code, art, wording and an open or self-made data set."
3Doku,https://www.andrewt.net/puzzles/3doku/,Math/Logic,1,Logic grid / number logic,Self-generated (we have a Sudoku generator),Sudoku family (live) + more logic types,"Mechanic is free to rebuild. Use our own code, art, wording and an open or self-made data set."
Bells &amp; Whistles,https://puzzmallow.com/bells,Math/Logic,1,Other,Check case by case,Case by case,"Mechanic is free to rebuild. Use our own code, art, wording and an open or self-made data set."
BrainBashers Daily 30 Seconds,https://www.brainbashers.com/30seconds.asp,Math/Logic,3,Other,Check case by case,Case by case,"Built around someone's characters, brand or league. The mechanic is free; the content is not."
BrainBashers Daily Puzzle,https://www.brainbashers.com/dailypuzzle.asp,Math/Logic,3,Logic grid / number logic,Self-generated (we have a Sudoku generator),Sudoku family (live) + more logic types,"Built around someone's characters, brand or league. The mechanic is free; the content is not."
Buzzled,https://puzzmallow.com/buzzled,Math/Logic,1,Other,Check case by case,Case by case,"Mechanic is free to rebuild. Use our own code, art, wording and an open or self-made data set."
Calcle,https://calclegame.com,Math/Logic,1,Arithmetic target,Self-generated,Arithmetic engine,"Mechanic is free to rebuild. Use our own code, art, wording and an open or self-made data set."
Cancelwise,https://cancelwise.com,Math/Logic,1,Other,Check case by case,Case by case,"Mechanic is free to rebuild. Use our own code, art, wording and an open or self-made data set."
Circle Moon Puzzles,https://circle9puzzle.com,Math/Logic,1,Logic grid / number logic,Self-generated (we have a Sudoku generator),Sudoku family (live) + more logic types,"Mechanic is free to rebuild. Use our own code, art, wording and an open or self-made data set."
Clue Raider,https://clueraider.com,Math/Logic,1,Timeline / ordering,"Wikidata (CC0), open events",Timeline engine,"Mechanic is free to rebuild. Use our own code, art, wording and an open or self-made data set."
Clues By Sam,https://cluesbysam.com,Math/Logic,1,Other,Check case by case,Case by case,"Mechanic is free to rebuild. Use our own code, art, wording and an open or self-made data set."
Cracked Sudoku,https://danielchasehooper.com/projects/cracked-sudoku/,Math/Logic,1,Logic grid / number logic,Self-generated (we have a Sudoku generator),Sudoku family (live) + more logic types,"Mechanic is free to rebuild. Use our own code, art, wording and an open or self-made data set."
Daily Akari,https://dailyakari.com,Math/Logic,1,Other,Check case by case,Case by case,"Mechanic is free to rebuild. Use our own code, art, wording and an open or self-made data set."
Dimension Flux,https://dimensionflux.com,Math/Logic,3,Other,Check case by case,Case by case,"Built around someone's characters, brand or league. The mechanic is free; the content is not."
Dodeku,https://dodeku.com,Math/Logic,1,Other,Check case by case,Case by case,"Mechanic is free to rebuild. Use our own code, art, wording and an open or self-made data set."
Domino Fit,https://dominofit.isotropic.us,Math/Logic,1,Other,Check case by case,Case by case,"Mechanic is free to rebuild. Use our own code, art, wording and an open or self-made data set."
Equations,https://www.equations-game.com,Math/Logic,1,Arithmetic target,Self-generated,Arithmetic engine,"Mechanic is free to rebuild. Use our own code, art, wording and an open or self-made data set."
Fields,https://inkwellgames.com/games/fields,Math/Logic,1,Other,Check case by case,Case by case,"Mechanic is free to rebuild. Use our own code, art, wording and an open or self-made data set."
Figure,https://figure.game,Math/Logic,1,Other,Check case by case,Case by case,"Mechanic is free to rebuild. Use our own code, art, wording and an open or self-made data set."
Five Fold,https://fivefold.ca,Math/Logic,1,Other,Check case by case,Case by case,"Mechanic is free to rebuild. Use our own code, art, wording and an open or self-made data set."
Knotilus,https://knotil.us,Math/Logic,1,Other,Check case by case,Case by case,"Mechanic is free to rebuild. Use our own code, art, wording and an open or self-made data set."
Kuromasu,https://nibble.games/kuromasu/kuromasu-small.html,Math/Logic,1,Other,Check case by case,Case by case,"Mechanic is free to rebuild. Use our own code, art, wording and an open or self-made data set."
LA Times Sudoku,https://www.latimes.com/games/sudoku,Math/Logic,1,Logic grid / number logic,Self-generated (we have a Sudoku generator),Sudoku family (live) + more logic types,"Mechanic is free to rebuild. Use our own code, art, wording and an open or self-made data set."
LinkedIn - Mini Sudoku,https://www.linkedin.com/games/mini-sudoku/,Math/Logic,1,Crossword / mini,Own clues and grids (we have a generator),Crossword (live),"Mechanic is free to rebuild. Use our own code, art, wording and an open or self-made data set."
LinkedIn - Queens,https://www.linkedin.com/games/queens,Math/Logic,1,Grouping / connections,Own word lists and themes,Grouping engine,"Mechanic is free to rebuild. Use our own code, art, wording and an open or self-made data set."
LinkedIn - Tango,https://www.linkedin.com/games/tango,Math/Logic,1,Chess/board puzzle,Lichess (CC0) for chess; self-made for the rest,Chess (live),"Mechanic is free to rebuild. Use our own code, art, wording and an open or self-made data set."
Logiquiz,https://www.logiquiz.com,Math/Logic,1,Trivia / multiple choice,"Open Trivia DB, own sets",Daily Five (live),"Mechanic is free to rebuild. Use our own code, art, wording and an open or self-made data set."
Mathdle,https://mathdle.app,Math/Logic,1,Arithmetic target,Self-generated,Arithmetic engine,"Mechanic is free to rebuild. Use our own code, art, wording and an open or self-made data set."
Mathler,https://www.mathler.com,Math/Logic,1,Arithmetic target,Self-generated,Arithmetic engine,"Mechanic is free to rebuild. Use our own code, art, wording and an open or self-made data set."
Mazele,https://mazele.io,Math/Logic,1,Other,Check case by case,Case by case,"Mechanic is free to rebuild. Use our own code, art, wording and an open or self-made data set."
Mineswifter,https://mineswifter.com,Math/Logic,1,Logic grid / number logic,Self-generated (we have a Sudoku generator),Sudoku family (live) + more logic types,"Mechanic is free to rebuild. Use our own code, art, wording and an open or self-made data set."
Murdle,https://murdle.com,Math/Logic,1,Other,Check case by case,Case by case,"Mechanic is free to rebuild. Use our own code, art, wording and an open or self-made data set."
Nerdle,https://nerdlegame.com,Math/Logic,1,Arithmetic target,Self-generated,Arithmetic engine,"Mechanic is free to rebuild. Use our own code, art, wording and an open or self-made data set."
Netflix - Starstruck,https://www.netflix.com/tudum/puzzled/starstruck/daily,Math/Logic,1,Logic grid / number logic,Self-generated (we have a Sudoku generator),Sudoku family (live) + more logic types,"Mechanic is free to rebuild. Use our own code, art, wording and an open or self-made data set."
Netflix - Sudoku,https://www.netflix.com/tudum/puzzled/sudoku/daily,Math/Logic,1,Logic grid / number logic,Self-generated (we have a Sudoku generator),Sudoku family (live) + more logic types,"Mechanic is free to rebuild. Use our own code, art, wording and an open or self-made data set."
Noggle,https://nibble.games/noggle/noggle.html,Math/Logic,1,Other,Check case by case,Case by case,"Mechanic is free to rebuild. Use our own code, art, wording and an open or self-made data set."
NonoDaily,https://www.nonodaily.com,Math/Logic,1,Other,Check case by case,Case by case,"Mechanic is free to rebuild. Use our own code, art, wording and an open or self-made data set."
Nonodle,https://lab174.com/nonodle,Math/Logic,1,Other,Check case by case,Case by case,"Mechanic is free to rebuild. Use our own code, art, wording and an open or self-made data set."
Number Island,https://numberisland.com,Math/Logic,1,Arithmetic target,Self-generated,Arithmetic engine,"Mechanic is free to rebuild. Use our own code, art, wording and an open or self-made data set."
Numble,https://numble.wtf,Math/Logic,1,Other,Check case by case,Case by case,"Mechanic is free to rebuild. Use our own code, art, wording and an open or self-made data set."
Numbobulate,https://www.numbobulate.com,Math/Logic,1,Other,Check case by case,Case by case,"Mechanic is free to rebuild. Use our own code, art, wording and an open or self-made data set."
NYT Pips,https://www.nytimes.com/games/pips,Math/Logic,3,Other,Check case by case,Case by case,Proprietary publisher content or brand. Rebuild the idea under our own name if at all; never copy their puzzles.
NYT Sudoku,https://www.nytimes.com/puzzles/sudoku,Math/Logic,3,Logic grid / number logic,Self-generated (we have a Sudoku generator),Sudoku family (live) + more logic types,Proprietary publisher content or brand. Rebuild the idea under our own name if at all; never copy their puzzles.
One Up Puzzle,https://www.oneuppuzzle.com,Math/Logic,1,Logic grid / number logic,Self-generated (we have a Sudoku generator),Sudoku family (live) + more logic types,"Mechanic is free to rebuild. Use our own code, art, wording and an open or self-made data set."
Ophex,https://www.andrewt.net/puzzles/ophex/,Math/Logic,1,Logic grid / number logic,Self-generated (we have a Sudoku generator),Sudoku family (live) + more logic types,"Mechanic is free to rebuild. Use our own code, art, wording and an open or self-made data set."
Padlock,https://www.padlockgame.net,Math/Logic,1,Other,Check case by case,Case by case,"Mechanic is free to rebuild. Use our own code, art, wording and an open or self-made data set."
Parlorbox,https://parlorbox.com/,Math/Logic,1,Other,Check case by case,Case by case,"Mechanic is free to rebuild. Use our own code, art, wording and an open or self-made data set."
Pell Puzzles,https://pell.achromath.com,Math/Logic,1,Logic grid / number logic,Self-generated (we have a Sudoku generator),Sudoku family (live) + more logic types,"Mechanic is free to rebuild. Use our own code, art, wording and an open or self-made data set."
Pipcross,https://puzzmallow.com/pipcross,Math/Logic,1,Crossword / mini,Own clues and grids (we have a generator),Crossword (live),"Mechanic is free to rebuild. Use our own code, art, wording and an open or self-made data set."
Pivots,https://playpivots.com,Math/Logic,1,Other,Check case by case,Case by case,"Mechanic is free to rebuild. Use our own code, art, wording and an open or self-made data set."
Primel,https://converged.yt/primel,Math/Logic,1,Other,Check case by case,Case by case,"Mechanic is free to rebuild. Use our own code, art, wording and an open or self-made data set."
Puzzmo - Memoku,https://www.puzzmo.com/play/memoku,Math/Logic,3,Other,Check case by case,Case by case,Proprietary publisher content or brand. Rebuild the idea under our own name if at all; never copy their puzzles.
Puzzmo - Weather Memoku,https://www.puzzmo.com/play/weather-memoku,Math/Logic,3,Other,Check case by case,Case by case,Proprietary publisher content or brand. Rebuild the idea under our own name if at all; never copy their puzzles.
QueenSweep,https://playqueensweep.com,Math/Logic,1,Other,Check case by case,Case by case,"Mechanic is free to rebuild. Use our own code, art, wording and an open or self-made data set."
Refiner,https://nibble.games/refiner/,Math/Logic,1,Other,Check case by case,Case by case,"Mechanic is free to rebuild. Use our own code, art, wording and an open or self-made data set."
regexle.com,https://regexle.com,Math/Logic,1,Other,Check case by case,Case by case,"Mechanic is free to rebuild. Use our own code, art, wording and an open or self-made data set."
Sequences,https://www.dailyfastgames.com/sequences/,Math/Logic,1,Other,Check case by case,Case by case,"Mechanic is free to rebuild. Use our own code, art, wording and an open or self-made data set."
Stars,https://inkwellgames.com/games/stars,Math/Logic,1,Other,Check case by case,Case by case,"Mechanic is free to rebuild. Use our own code, art, wording and an open or self-made data set."
Sudoku Shift,https://coffeefirst.games/sudoku-shift/,Math/Logic,1,Logic grid / number logic,Self-generated (we have a Sudoku generator),Sudoku family (live) + more logic types,"Mechanic is free to rebuild. Use our own code, art, wording and an open or self-made data set."
Summle,https://summle.net,Math/Logic,1,Arithmetic target,Self-generated,Arithmetic engine,"Mechanic is free to rebuild. Use our own code, art, wording and an open or self-made data set."
Sumplete,https://sumplete.com/daily,Math/Logic,1,Arithmetic target,Self-generated,Arithmetic engine,"Mechanic is free to rebuild. Use our own code, art, wording and an open or self-made data set."
Tally Game,https://tally-game.com,Math/Logic,1,Other,Check case by case,Case by case,"Mechanic is free to rebuild. Use our own code, art, wording and an open or self-made data set."
Terraformation,https://puzzmallow.com/terraformation,Math/Logic,1,Other,Check case by case,Case by case,"Mechanic is free to rebuild. Use our own code, art, wording and an open or self-made data set."
The Magical Ferry,https://magicalferry.com,Math/Logic,1,Other,Check case by case,Case by case,"Mechanic is free to rebuild. Use our own code, art, wording and an open or self-made data set."
Tile Knight,https://tileknight.com,Math/Logic,1,Other,Check case by case,Case by case,"Mechanic is free to rebuild. Use our own code, art, wording and an open or self-made data set."
Timdle Math,https://timdle.com/math,Math/Logic,1,Arithmetic target,Self-generated,Arithmetic engine,"Mechanic is free to rebuild. Use our own code, art, wording and an open or self-made data set."
xdle,https://zaratustra.itch.io/xdle,Math/Logic,1,Other,Check case by case,Case by case,"Mechanic is free to rebuild. Use our own code, art, wording and an open or self-made data set."
Zebra Puzzles,https://www.zebrapuzzles.com,Math/Logic,1,Logic grid / number logic,Self-generated (we have a Sudoku generator),Sudoku family (live) + more logic types,"Mechanic is free to rebuild. Use our own code, art, wording and an open or self-made data set."
Actorle,https://actorle.com,Movies/TV,2,Attribute guess (-dle),Open dataset with comparable attributes,Attribute-guess engine (building now),"Titles and facts are fine. Posters, stills and clips need a licensed source (TMDB terms, credit) or none."
Actorle - Fill The Grid,https://actorle.com/fill-the-grid,Movies/TV,2,Logic grid / number logic,Self-generated (we have a Sudoku generator),Sudoku family (live) + more logic types,"Titles and facts are fine. Posters, stills and clips need a licensed source (TMDB terms, credit) or none."
Actorle - Storyboard,https://actorle.com/storyboard,Movies/TV,2,Attribute guess (-dle),Open dataset with comparable attributes,Attribute-guess engine (building now),"Titles and facts are fine. Posters, stills and clips need a licensed source (TMDB terms, credit) or none."
Actorle TV,https://actorle.tv,Movies/TV,2,Attribute guess (-dle),Open dataset with comparable attributes,Attribute-guess engine (building now),"Titles and facts are fine. Posters, stills and clips need a licensed source (TMDB terms, credit) or none."
Anidle,https://anidle.net,Movies/TV,2,Attribute guess (-dle),Open dataset with comparable attributes,Attribute-guess engine (building now),"Titles and facts are fine. Posters, stills and clips need a licensed source (TMDB terms, credit) or none."
AniGuessr,https://aniguessr.com,Movies/TV,2,Attribute guess (-dle),Open dataset with comparable attributes,Attribute-guess engine (building now),"Titles and facts are fine. Posters, stills and clips need a licensed source (TMDB terms, credit) or none."
Animdle,https://animdle.com,Movies/TV,2,Attribute guess (-dle),Open dataset with comparable attributes,Attribute-guess engine (building now),"Titles and facts are fine. Posters, stills and clips need a licensed source (TMDB terms, credit) or none."
Avatardle,https://avatardle.com,Movies/TV,2,Attribute guess (-dle),Open dataset with comparable attributes,Attribute-guess engine (building now),"Titles and facts are fine. Posters, stills and clips need a licensed source (TMDB terms, credit) or none."
Box Office Game,https://boxofficega.me,Movies/TV,2,Attribute guess (-dle),Open dataset with comparable attributes,Attribute-guess engine (building now),"Titles and facts are fine. Posters, stills and clips need a licensed source (TMDB terms, credit) or none."
Cartoonguessr,https://cartoonguesser.pythonanywhere.com,Movies/TV,2,Map / flag / place guess,"Natural Earth, Wikidata, Wikimedia Commons",Map and flag engine,"Titles and facts are fine. Posters, stills and clips need a licensed source (TMDB terms, credit) or none."
CineLine,https://www.playcineline.com,Movies/TV,2,Attribute guess (-dle),Open dataset with comparable attributes,Attribute-guess engine (building now),"Titles and facts are fine. Posters, stills and clips need a licensed source (TMDB terms, credit) or none."
Cinema Circuit,https://www.wfhgames.com/cinema-circuit,Movies/TV,2,Attribute guess (-dle),Open dataset with comparable attributes,Attribute-guess engine (building now),"Titles and facts are fine. Posters, stills and clips need a licensed source (TMDB terms, credit) or none."
Cinematrix,https://www.vulture.com/article/daily-movie-grid-trivia-game-cinematrix.html,Movies/TV,2,Logic grid / number logic,Self-generated (we have a Sudoku generator),Sudoku family (live) + more logic types,"Titles and facts are fine. Posters, stills and clips need a licensed source (TMDB terms, credit) or none."
CineNerdle,https://www.cinenerdle.app,Movies/TV,2,Arithmetic target,Self-generated,Arithmetic engine,"Titles and facts are fine. Posters, stills and clips need a licensed source (TMDB terms, credit) or none."
Cliffhanger,https://jumoh.com/games/cliffhanger/,Movies/TV,2,Attribute guess (-dle),Open dataset with comparable attributes,Attribute-guess engine (building now),"Titles and facts are fine. Posters, stills and clips need a licensed source (TMDB terms, credit) or none."
Emoji Quiz - Movies,https://www.emojiquiz.net/movies,Movies/TV,2,Picture reveal / zoom,Openly licensed images only,Zoom-reveal engine,"Titles and facts are fine. Posters, stills and clips need a licensed source (TMDB terms, credit) or none."
Emoji Quiz - TV,https://www.emojiquiz.net/tv,Movies/TV,2,Picture reveal / zoom,Openly licensed images only,Zoom-reveal engine,"Titles and facts are fine. Posters, stills and clips need a licensed source (TMDB terms, credit) or none."
faces,https://faces.wtf,Movies/TV,2,Attribute guess (-dle),Open dataset with comparable attributes,Attribute-guess engine (building now),"Titles and facts are fine. Posters, stills and clips need a licensed source (TMDB terms, credit) or none."
Faustdle,https://faustdle.com/,Movies/TV,2,Attribute guess (-dle),Open dataset with comparable attributes,Attribute-guess engine (building now),"Titles and facts are fine. Posters, stills and clips need a licensed source (TMDB terms, credit) or none."
FilmLink,https://filmlink.io,Movies/TV,2,Grouping / connections,Own word lists and themes,Grouping engine,"Titles and facts are fine. Posters, stills and clips need a licensed source (TMDB terms, credit) or none."
Flickle,https://flickle.app,Movies/TV,2,Attribute guess (-dle),Open dataset with comparable attributes,Attribute-guess engine (building now),"Titles and facts are fine. Posters, stills and clips need a licensed source (TMDB terms, credit) or none."
Framed,https://framed.wtf,Movies/TV,2,Picture reveal / zoom,Openly licensed images only,Zoom-reveal engine,"Titles and facts are fine. Posters, stills and clips need a licensed source (TMDB terms, credit) or none."
Gaps,https://gaps.wtf,Movies/TV,2,Attribute guess (-dle),Open dataset with comparable attributes,Attribute-guess engine (building now),"Titles and facts are fine. Posters, stills and clips need a licensed source (TMDB terms, credit) or none."
Giffle - Friends,https://giffle.com/friends/,Movies/TV,2,Attribute guess (-dle),Open dataset with comparable attributes,Attribute-guess engine (building now),"Titles and facts are fine. Posters, stills and clips need a licensed source (TMDB terms, credit) or none."
Giffle - Simpsons,https://giffle.com/simpsons/,Movies/TV,3,Attribute guess (-dle),Open dataset with comparable attributes,Attribute-guess engine (building now),"Built around someone's characters, brand or league. The mechanic is free; the content is not."
Guess The Movie,https://guessthemovie.name,Movies/TV,2,Attribute guess (-dle),Open dataset with comparable attributes,Attribute-guess engine (building now),"Titles and facts are fine. Posters, stills and clips need a licensed source (TMDB terms, credit) or none."
Harrypotterdle,https://www.harrypotterdle.com,Movies/TV,3,Attribute guess (-dle),Open dataset with comparable attributes,Attribute-guess engine (building now),"Built around someone's characters, brand or league. The mechanic is free; the content is not."
Jojodle,https://www.jojodle.app,Movies/TV,3,Attribute guess (-dle),Open dataset with comparable attributes,Attribute-guess engine (building now),"Built around someone's characters, brand or league. The mechanic is free; the content is not."
Letterboxdle,https://letterboxdle.net,Movies/TV,2,Letter-set / boggle,Open word list (ENABLE),Letter-set engine,"Titles and facts are fine. Posters, stills and clips need a licensed source (TMDB terms, credit) or none."
Marveldle,https://marveldle.com/character/audiovisual/guess,Movies/TV,3,Audio / lyric,Provider embeds only,Skip: audio rights,"Built around someone's characters, brand or league. The mechanic is free; the content is not."
Movie Grid,https://moviegrid.io,Movies/TV,2,Logic grid / number logic,Self-generated (we have a Sudoku generator),Sudoku family (live) + more logic types,"Titles and facts are fine. Posters, stills and clips need a licensed source (TMDB terms, credit) or none."
Movie Pyramid,https://moviepyramid.io,Movies/TV,2,Attribute guess (-dle),Open dataset with comparable attributes,Attribute-guess engine (building now),"Titles and facts are fine. Posters, stills and clips need a licensed source (TMDB terms, credit) or none."
Movie Reveal,https://moviereveal.io,Movies/TV,2,Picture reveal / zoom,Openly licensed images only,Zoom-reveal engine,"Titles and facts are fine. Posters, stills and clips need a licensed source (TMDB terms, credit) or none."
Movie Snake,https://moviesnake.io,Movies/TV,2,Attribute guess (-dle),Open dataset with comparable attributes,Attribute-guess engine (building now),"Titles and facts are fine. Posters, stills and clips need a licensed source (TMDB terms, credit) or none."
Movie to Movie,https://movietomovie.com,Movies/TV,2,Attribute guess (-dle),Open dataset with comparable attributes,Attribute-guess engine (building now),"Titles and facts are fine. Posters, stills and clips need a licensed source (TMDB terms, credit) or none."
Moviedle,https://moviedle.xyz,Movies/TV,2,Attribute guess (-dle),Open dataset with comparable attributes,Attribute-guess engine (building now),"Titles and facts are fine. Posters, stills and clips need a licensed source (TMDB terms, credit) or none."
Moviedle (from Histordle),https://histordle.com/moviedle,Movies/TV,2,Attribute guess (-dle),Open dataset with comparable attributes,Attribute-guess engine (building now),"Titles and facts are fine. Posters, stills and clips need a licensed source (TMDB terms, credit) or none."
Moviedle - Fill The Grid,https://moviedle.xyz/fill-the-grid,Movies/TV,2,Logic grid / number logic,Self-generated (we have a Sudoku generator),Sudoku family (live) + more logic types,"Titles and facts are fine. Posters, stills and clips need a licensed source (TMDB terms, credit) or none."
Moviedle - Moviemoji,https://moviedle.xyz/moviemoji,Movies/TV,2,Picture reveal / zoom,Openly licensed images only,Zoom-reveal engine,"Titles and facts are fine. Posters, stills and clips need a licensed source (TMDB terms, credit) or none."
Narutodle,https://narutodle.net,Movies/TV,3,Attribute guess (-dle),Open dataset with comparable attributes,Attribute-guess engine (building now),"Built around someone's characters, brand or league. The mechanic is free; the content is not."
Onepiecedle,https://onepiecedle.net,Movies/TV,3,Attribute guess (-dle),Open dataset with comparable attributes,Attribute-guess engine (building now),"Built around someone's characters, brand or league. The mechanic is free; the content is not."
Plotwords,https://plotwords.com/daily,Movies/TV,2,Attribute guess (-dle),Open dataset with comparable attributes,Attribute-guess engine (building now),"Titles and facts are fine. Posters, stills and clips need a licensed source (TMDB terms, credit) or none."
Quolture,https://www.quolture.com/#/,Movies/TV,2,Attribute guess (-dle),Open dataset with comparable attributes,Attribute-guess engine (building now),"Titles and facts are fine. Posters, stills and clips need a licensed source (TMDB terms, credit) or none."
Quotesed,https://www.quotesed.com,Movies/TV,2,Attribute guess (-dle),Open dataset with comparable attributes,Attribute-guess engine (building now),"Titles and facts are fine. Posters, stills and clips need a licensed source (TMDB terms, credit) or none."
Showdle,https://showdle.com,Movies/TV,2,Attribute guess (-dle),Open dataset with comparable attributes,Attribute-guess engine (building now),"Titles and facts are fine. Posters, stills and clips need a licensed source (TMDB terms, credit) or none."
Spongedle,https://spongedle.onrender.com,Movies/TV,2,Attribute guess (-dle),Open dataset with comparable attributes,Attribute-guess engine (building now),"Titles and facts are fine. Posters, stills and clips need a licensed source (TMDB terms, credit) or none."
The Daily Burgle,https://www.thedailyburgle.app,Movies/TV,2,Attribute guess (-dle),Open dataset with comparable attributes,Attribute-guess engine (building now),"Titles and facts are fine. Posters, stills and clips need a licensed source (TMDB terms, credit) or none."
TV Circuit,https://www.wfhgames.com/tv-circuit,Movies/TV,2,Attribute guess (-dle),Open dataset with comparable attributes,Attribute-guess engine (building now),"Titles and facts are fine. Posters, stills and clips need a licensed source (TMDB terms, credit) or none."
Whodle,https://whodle.dixonary.co.uk,Movies/TV,2,Attribute guess (-dle),Open dataset with comparable attributes,Attribute-guess engine (building now),"Titles and facts are fine. Posters, stills and clips need a licensed source (TMDB terms, credit) or none."
Bandle,https://bandle.app,Music,2,Audio / lyric,Provider embeds only,Skip: audio rights,Song facts are fine. Audio only through the provider's embed or preview terms; never host clips.
Beatdle,https://beatdle.fun,Music,2,Audio / lyric,Provider embeds only,Skip: audio rights,Song facts are fine. Audio only through the provider's embed or preview terms; never host clips.
BopMatch,https://bopmatch.com,Music,2,Audio / lyric,Provider embeds only,Skip: audio rights,Song facts are fine. Audio only through the provider's embed or preview terms; never host clips.
Crosstune,https://crosstune.io,Music,2,Audio / lyric,Provider embeds only,Skip: audio rights,Song facts are fine. Audio only through the provider's embed or preview terms; never host clips.
Daily Jingle,https://dailyjingle.me,Music,2,Audio / lyric,Provider embeds only,Skip: audio rights,Song facts are fine. Audio only through the provider's embed or preview terms; never host clips.
Disney Heardle,https://www.disney.heardledecades.com,Music,3,Audio / lyric,Provider embeds only,Skip: audio rights,"Built around someone's characters, brand or league. The mechanic is free; the content is not."
FlipList Daily,https://playfliplist.com/daily/,Music,2,Audio / lyric,Provider embeds only,Skip: audio rights,Song facts are fine. Audio only through the provider's embed or preview terms; never host clips.
Guess The Audio,https://guesstheaudio.com,Music,2,Audio / lyric,Provider embeds only,Skip: audio rights,Song facts are fine. Audio only through the provider's embed or preview terms; never host clips.
Harmonies: Music Connections,https://harmonies.io,Music,2,Audio / lyric,Provider embeds only,Skip: audio rights,Song facts are fine. Audio only through the provider's embed or preview terms; never host clips.
Heardle 1950's,https://50s.heardledecades.com,Music,2,Audio / lyric,Provider embeds only,Skip: audio rights,Song facts are fine. Audio only through the provider's embed or preview terms; never host clips.
Heardle 1960's,https://60s.heardledecades.com,Music,2,Audio / lyric,Provider embeds only,Skip: audio rights,Song facts are fine. Audio only through the provider's embed or preview terms; never host clips.
Heardle 1970's,https://70s.heardledecades.com,Music,2,Audio / lyric,Provider embeds only,Skip: audio rights,Song facts are fine. Audio only through the provider's embed or preview terms; never host clips.
Heardle 1980's,https://80s.heardledecades.com,Music,2,Audio / lyric,Provider embeds only,Skip: audio rights,Song facts are fine. Audio only through the provider's embed or preview terms; never host clips.
Heardle 1990's,https://90s.heardledecades.com,Music,2,Audio / lyric,Provider embeds only,Skip: audio rights,Song facts are fine. Audio only through the provider's embed or preview terms; never host clips.
Heardle 2000's,https://00s.heardledecades.com,Music,2,Audio / lyric,Provider embeds only,Skip: audio rights,Song facts are fine. Audio only through the provider's embed or preview terms; never host clips.
Heardle 2010's,https://heardle10s.com,Music,2,Audio / lyric,Provider embeds only,Skip: audio rights,Song facts are fine. Audio only through the provider's embed or preview terms; never host clips.
Heardle 2020's,https://20s.heardledecades.com,Music,2,Audio / lyric,Provider embeds only,Skip: audio rights,Song facts are fine. Audio only through the provider's embed or preview terms; never host clips.
Heardle Daily,https://www.heardle.info/daily/,Music,2,Audio / lyric,Provider embeds only,Skip: audio rights,Song facts are fine. Audio only through the provider's embed or preview terms; never host clips.
Heardle K-pop,https://kpop.heardledecades.com,Music,3,Audio / lyric,Provider embeds only,Skip: audio rights,"Built around someone's characters, brand or league. The mechanic is free; the content is not."
Heardle TV Themes,https://tv.heardledecades.xyz,Music,2,Audio / lyric,Provider embeds only,Skip: audio rights,Song facts are fine. Audio only through the provider's embed or preview terms; never host clips.
Humppadle,https://www.humppadle.de,Music,2,Audio / lyric,Provider embeds only,Skip: audio rights,Song facts are fine. Audio only through the provider's embed or preview terms; never host clips.
Lyricle,https://www.lyricle.app,Music,2,Audio / lyric,Provider embeds only,Skip: audio rights,Song facts are fine. Audio only through the provider's embed or preview terms; never host clips.
MeloGuessr,https://meloguessr.com,Music,2,Audio / lyric,Provider embeds only,Skip: audio rights,Song facts are fine. Audio only through the provider's embed or preview terms; never host clips.
MusicVidle,https://www.musicvidle.com,Music,2,Audio / lyric,Provider embeds only,Skip: audio rights,Song facts are fine. Audio only through the provider's embed or preview terms; never host clips.
Perfect Pitch Puzzle,https://www.perfectpitchpuzzle.com,Music,2,Audio / lyric,Provider embeds only,Skip: audio rights,Song facts are fine. Audio only through the provider's embed or preview terms; never host clips.
ReHeardle,https://reheardle.com,Music,2,Audio / lyric,Provider embeds only,Skip: audio rights,Song facts are fine. Audio only through the provider's embed or preview terms; never host clips.
ReHeardle Video Games,https://reheardle.com/videogames,Music,2,Audio / lyric,Provider embeds only,Skip: audio rights,Song facts are fine. Audio only through the provider's embed or preview terms; never host clips.
relatle.io,https://relatle.io,Music,2,Audio / lyric,Provider embeds only,Skip: audio rights,Song facts are fine. Audio only through the provider's embed or preview terms; never host clips.
Riffdle,https://www.synthia.space/riffdle,Music,2,Audio / lyric,Provider embeds only,Skip: audio rights,Song facts are fine. Audio only through the provider's embed or preview terms; never host clips.
Songdle,https://statt-land-song.ch/songdle,Music,2,Audio / lyric,Provider embeds only,Skip: audio rights,Song facts are fine. Audio only through the provider's embed or preview terms; never host clips.
Songle,https://histordle.com/songle,Music,2,Audio / lyric,Provider embeds only,Skip: audio rights,Song facts are fine. Audio only through the provider's embed or preview terms; never host clips.
Songless,https://lessgames.com/songless,Music,2,Audio / lyric,Provider embeds only,Skip: audio rights,Song facts are fine. Audio only through the provider's embed or preview terms; never host clips.
SongSwipe,https://play.songswipe.fun,Music,2,Audio / lyric,Provider embeds only,Skip: audio rights,Song facts are fine. Audio only through the provider's embed or preview terms; never host clips.
Spotle,https://spotle.io,Music,2,Audio / lyric,Provider embeds only,Skip: audio rights,Song facts are fine. Audio only through the provider's embed or preview terms; never host clips.
Swiftle,https://www.techyonic.co/swiftle,Music,2,Audio / lyric,Provider embeds only,Skip: audio rights,Song facts are fine. Audio only through the provider's embed or preview terms; never host clips.
Timdle Music,https://timdle.com/music,Music,2,Audio / lyric,Provider embeds only,Skip: audio rights,Song facts are fine. Audio only through the provider's embed or preview terms; never host clips.
TuneGuessr,https://www.tuneguessr.net/,Music,2,Audio / lyric,Provider embeds only,Skip: audio rights,Song facts are fine. Audio only through the provider's embed or preview terms; never host clips.
Video Game Bandle,https://www.vgbandle.app,Music,2,Audio / lyric,Provider embeds only,Skip: audio rights,Song facts are fine. Audio only through the provider's embed or preview terms; never host clips.
Year To Beat,https://yeartobeat.com,Music,2,Audio / lyric,Provider embeds only,Skip: audio rights,Song facts are fine. Audio only through the provider's embed or preview terms; never host clips.
Birdie Game,https://birdiegame.net,Science/Nature,1,Attribute guess (-dle),Open dataset with comparable attributes,Attribute-guess engine (building now),"Mechanic is free to rebuild. Use our own code, art, wording and an open or self-made data set."
Birdle,https://www.play-birdle.com,Science/Nature,1,Attribute guess (-dle),Open dataset with comparable attributes,Attribute-guess engine (building now),"Mechanic is free to rebuild. Use our own code, art, wording and an open or self-made data set."
Chemdle,https://www.chemdle.com,Science/Nature,1,Attribute guess (-dle),Open dataset with comparable attributes,Attribute-guess engine (building now),"Mechanic is free to rebuild. Use our own code, art, wording and an open or self-made data set."
Disordle,https://disordle.com,Science/Nature,1,Attribute guess (-dle),Open dataset with comparable attributes,Attribute-guess engine (building now),"Mechanic is free to rebuild. Use our own code, art, wording and an open or self-made data set."
Doctordle,https://doctordle.org,Science/Nature,1,Attribute guess (-dle),Open dataset with comparable attributes,Attribute-guess engine (building now),"Mechanic is free to rebuild. Use our own code, art, wording and an open or self-made data set."
DOGDLE,https://dogdle.org,Science/Nature,1,Attribute guess (-dle),Open dataset with comparable attributes,Attribute-guess engine (building now),"Mechanic is free to rebuild. Use our own code, art, wording and an open or self-made data set."
Doggle,https://doggle.app,Science/Nature,1,Attribute guess (-dle),Open dataset with comparable attributes,Attribute-guess engine (building now),"Mechanic is free to rebuild. Use our own code, art, wording and an open or self-made data set."
Elemingle,https://elemingle.com,Science/Nature,1,Attribute guess (-dle),Open dataset with comparable attributes,Attribute-guess engine (building now),"Mechanic is free to rebuild. Use our own code, art, wording and an open or self-made data set."
list animals until failure,https://rose.systems/animalist/#today,Science/Nature,1,Attribute guess (-dle),Open dataset with comparable attributes,Attribute-guess engine (building now),"Mechanic is free to rebuild. Use our own code, art, wording and an open or self-made data set."
Metaflora,https://flora.metazooa.com,Science/Nature,1,Attribute guess (-dle),Open dataset with comparable attributes,Attribute-guess engine (building now),"Mechanic is free to rebuild. Use our own code, art, wording and an open or self-made data set."
Metazooa,https://metazooa.com,Science/Nature,1,Attribute guess (-dle),Open dataset with comparable attributes,Attribute-guess engine (building now),"Mechanic is free to rebuild. Use our own code, art, wording and an open or self-made data set."
Poopguessr,https://poopguessr.com,Science/Nature,1,Attribute guess (-dle),Open dataset with comparable attributes,Attribute-guess engine (building now),"Mechanic is free to rebuild. Use our own code, art, wording and an open or self-made data set."
Radiordle,https://www.radiordle.org,Science/Nature,1,Attribute guess (-dle),Open dataset with comparable attributes,Attribute-guess engine (building now),"Mechanic is free to rebuild. Use our own code, art, wording and an open or self-made data set."
Stardle,https://stardlegame.github.io/stardle,Science/Nature,1,Attribute guess (-dle),Open dataset with comparable attributes,Attribute-guess engine (building now),"Mechanic is free to rebuild. Use our own code, art, wording and an open or self-made data set."
Wildlife Sudoku,https://flagdoku.com/wildlife.html,Science/Nature,1,Map / flag / place guess,"Natural Earth, Wikidata, Wikimedia Commons",Map and flag engine,"Mechanic is free to rebuild. Use our own code, art, wording and an open or self-made data set."
Bean Sort,https://coffeefirst.games/bean-sort,Shapes/Patterns,1,Grouping / connections,Own word lists and themes,Grouping engine,"Mechanic is free to rebuild. Use our own code, art, wording and an open or self-made data set."
Celtix,https://www.andrewt.net/puzzles/celtix/,Shapes/Patterns,1,Logic grid / number logic,Self-generated (we have a Sudoku generator),Sudoku family (live) + more logic types,"Mechanic is free to rebuild. Use our own code, art, wording and an open or self-made data set."
DayBrix,https://vole.wtf/daybrix,Shapes/Patterns,1,Other,Check case by case,Case by case,"Mechanic is free to rebuild. Use our own code, art, wording and an open or self-made data set."
Daydoku,https://www.daydoku.com,Shapes/Patterns,1,Other,Check case by case,Case by case,"Mechanic is free to rebuild. Use our own code, art, wording and an open or self-made data set."
Dialed - Shape Game,https://dialed.gg/shape,Shapes/Patterns,1,Color match,Self-generated,Color engine,"Mechanic is free to rebuild. Use our own code, art, wording and an open or self-made data set."
FlashPopTiles,https://flashpoptiles.com,Shapes/Patterns,1,Other,Check case by case,Case by case,"Mechanic is free to rebuild. Use our own code, art, wording and an open or self-made data set."
Gerrymandle,https://gerrymandle.com,Shapes/Patterns,1,Other,Check case by case,Case by case,"Mechanic is free to rebuild. Use our own code, art, wording and an open or self-made data set."
Hidden Mirrors,https://www.hidden-mirrors.com,Shapes/Patterns,1,Other,Check case by case,Case by case,"Mechanic is free to rebuild. Use our own code, art, wording and an open or self-made data set."
Jigsaw Explorer,https://www.jigsawexplorer.com,Shapes/Patterns,1,Other,Check case by case,Case by case,"Mechanic is free to rebuild. Use our own code, art, wording and an open or self-made data set."
Jigsy,https://jigsy.app,Shapes/Patterns,1,Other,Check case by case,Case by case,"Mechanic is free to rebuild. Use our own code, art, wording and an open or self-made data set."
LA Times Jigsaw,https://www.latimes.com/games/jigsaw-puzzle,Shapes/Patterns,1,Logic grid / number logic,Self-generated (we have a Sudoku generator),Sudoku family (live) + more logic types,"Mechanic is free to rebuild. Use our own code, art, wording and an open or self-made data set."
Lawndle,https://johalloran.dev/lawndle/,Shapes/Patterns,1,Other,Check case by case,Case by case,"Mechanic is free to rebuild. Use our own code, art, wording and an open or self-made data set."
LinkedIn - Patches,https://www.linkedin.com/games/patches/,Shapes/Patterns,1,Grouping / connections,Own word lists and themes,Grouping engine,"Mechanic is free to rebuild. Use our own code, art, wording and an open or self-made data set."
LinkedIn - Zip,https://www.linkedin.com/games/zip,Shapes/Patterns,1,Grouping / connections,Own word lists and themes,Grouping engine,"Mechanic is free to rebuild. Use our own code, art, wording and an open or self-made data set."
LINKR,https://www.playlinkr.net,Shapes/Patterns,1,Grouping / connections,Own word lists and themes,Grouping engine,"Mechanic is free to rebuild. Use our own code, art, wording and an open or self-made data set."
Loopy,https://loopy.wtf,Shapes/Patterns,1,Other,Check case by case,Case by case,"Mechanic is free to rebuild. Use our own code, art, wording and an open or self-made data set."
Loopy River,https://inkwellgames.com/games/lazy-river,Shapes/Patterns,1,Other,Check case by case,Case by case,"Mechanic is free to rebuild. Use our own code, art, wording and an open or self-made data set."
Mazetangle,https://mazetangle.com,Shapes/Patterns,1,Higher / lower / estimate,"Open statistics (Wikidata, World Bank)",Higher-lower engine,"Mechanic is free to rebuild. Use our own code, art, wording and an open or self-made data set."
Mowkoban,https://mowkoban.com/,Shapes/Patterns,1,Other,Check case by case,Case by case,"Mechanic is free to rebuild. Use our own code, art, wording and an open or self-made data set."
Nerdcube - Carom,https://www.nerdcube.games/carom,Shapes/Patterns,1,Other,Check case by case,Case by case,"Mechanic is free to rebuild. Use our own code, art, wording and an open or self-made data set."
Netflix - Jigsaw,https://www.netflix.com/tudum/puzzled/jigsaw/daily,Shapes/Patterns,1,Logic grid / number logic,Self-generated (we have a Sudoku generator),Sudoku family (live) + more logic types,"Mechanic is free to rebuild. Use our own code, art, wording and an open or self-made data set."
Netflix - Shapes,https://www.netflix.com/tudum/puzzled/shapes/daily,Shapes/Patterns,1,Logic grid / number logic,Self-generated (we have a Sudoku generator),Sudoku family (live) + more logic types,"Mechanic is free to rebuild. Use our own code, art, wording and an open or self-made data set."
Nodes,https://www.nodes-game.com,Shapes/Patterns,1,Other,Check case by case,Case by case,"Mechanic is free to rebuild. Use our own code, art, wording and an open or self-made data set."
Number Crunch,https://numbercrunch.fun,Shapes/Patterns,1,Arithmetic target,Self-generated,Arithmetic engine,"Mechanic is free to rebuild. Use our own code, art, wording and an open or self-made data set."
Puzzmo - Flipart,https://www.puzzmo.com/play/flip-art,Shapes/Patterns,3,Other,Check case by case,Case by case,Proprietary publisher content or brand. Rebuild the idea under our own name if at all; never copy their puzzles.
Rotaboxes,https://rotaboxes.com,Shapes/Patterns,1,Other,Check case by case,Case by case,"Mechanic is free to rebuild. Use our own code, art, wording and an open or self-made data set."
SetFury,https://www.setfury.com,Shapes/Patterns,1,Other,Check case by case,Case by case,"Mechanic is free to rebuild. Use our own code, art, wording and an open or self-made data set."
Shaple,https://swag.github.io/shaple,Shapes/Patterns,1,Other,Check case by case,Case by case,"Mechanic is free to rebuild. Use our own code, art, wording and an open or self-made data set."
Shikaku of the day,https://shikakuofthe.day,Shapes/Patterns,1,Other,Check case by case,Case by case,"Mechanic is free to rebuild. Use our own code, art, wording and an open or self-made data set."
Stackdle,https://stackdle.dev,Shapes/Patterns,1,Other,Check case by case,Case by case,"Mechanic is free to rebuild. Use our own code, art, wording and an open or self-made data set."
Synthmaze,https://synthmaze.heliante.io/#/daily,Shapes/Patterns,1,Other,Check case by case,Case by case,"Mechanic is free to rebuild. Use our own code, art, wording and an open or self-made data set."
Triplets,https://www.tripletgame.com,Shapes/Patterns,1,Other,Check case by case,Case by case,"Mechanic is free to rebuild. Use our own code, art, wording and an open or self-made data set."
VideoPuzzle,https://videopuzzle.org,Shapes/Patterns,1,Logic grid / number logic,Self-generated (we have a Sudoku generator),Sudoku family (live) + more logic types,"Mechanic is free to rebuild. Use our own code, art, wording and an open or self-made data set."
Coindle,https://muhashi.com/coindle/,Novelty,1,Logic grid / number logic,Self-generated (we have a Sudoku generator),Sudoku family (live) + more logic types,"Mechanic is free to rebuild. Use our own code, art, wording and an open or self-made data set."
fridgle,https://fridgle.net,Novelty,1,Other,Check case by case,Case by case,"Mechanic is free to rebuild. Use our own code, art, wording and an open or self-made data set."
Horsle,https://cabletwo.net/horsle/,Novelty,1,Other,Check case by case,Case by case,"Mechanic is free to rebuild. Use our own code, art, wording and an open or self-made data set."
Luckle,https://luckle.org,Novelty,1,Other,Check case by case,Case by case,"Mechanic is free to rebuild. Use our own code, art, wording and an open or self-made data set."
Odle,https://www.odle.app,Novelty,1,Other,Check case by case,Case by case,"Mechanic is free to rebuild. Use our own code, art, wording and an open or self-made data set."
RNGdle,https://www.rngdle.com,Novelty,1,Other,Check case by case,Case by case,"Mechanic is free to rebuild. Use our own code, art, wording and an open or self-made data set."
Basketball 5,https://basketball-5.com,Sports,2,Attribute guess (-dle),Open dataset with comparable attributes,Attribute-guess engine (building now),"Names and stats are facts. Logos, photos and league marks are not free to use."
Batter Up,https://www.batter-up.app,Sports,2,Attribute guess (-dle),Open dataset with comparable attributes,Attribute-guess engine (building now),"Names and stats are facts. Logos, photos and league marks are not free to use."
Chrono NBA,https://chrono.quest/basketball.html,Sports,3,Timeline / ordering,"Wikidata (CC0), open events",Timeline engine,"Built around someone's characters, brand or league. The mechanic is free; the content is not."
Chrono NFL,https://chrono.quest/nfl.html,Sports,3,Timeline / ordering,"Wikidata (CC0), open events",Timeline engine,"Built around someone's characters, brand or league. The mechanic is free; the content is not."
Daily Walkoff,https://www.dailywalkoff.com,Sports,2,Attribute guess (-dle),Open dataset with comparable attributes,Attribute-guess engine (building now),"Names and stats are facts. Logos, photos and league marks are not free to use."
Factle Sports,https://frontofficesports.com/trivia/factle-sports,Sports,2,Trivia / multiple choice,"Open Trivia DB, own sets",Daily Five (live),"Names and stats are facts. Logos, photos and league marks are not free to use."
Futbol 11,https://futbol11.com/,Sports,2,Attribute guess (-dle),Open dataset with comparable attributes,Attribute-guess engine (building now),"Names and stats are facts. Logos, photos and league marks are not free to use."
Futdoku,https://flagdoku.com/futdoku.html,Sports,2,Map / flag / place guess,"Natural Earth, Wikidata, Wikimedia Commons",Map and flag engine,"Names and stats are facts. Logos, photos and league marks are not free to use."
Hoopgrids,https://www.hoopgrids.com,Sports,2,Attribute guess (-dle),Open dataset with comparable attributes,Attribute-guess engine (building now),"Names and stats are facts. Logos, photos and league marks are not free to use."
I Called Game,https://icalledgame.hoopgrids.com,Sports,2,Attribute guess (-dle),Open dataset with comparable attributes,Attribute-guess engine (building now),"Names and stats are facts. Logos, photos and league marks are not free to use."
Immaculate Footy,https://www.sports-reference.com/immaculate-footy/,Sports,2,Attribute guess (-dle),Open dataset with comparable attributes,Attribute-guess engine (building now),"Names and stats are facts. Logos, photos and league marks are not free to use."
Immaculate Grid: Baseball,https://www.sports-reference.com/immaculate-grid/,Sports,2,Logic grid / number logic,Self-generated (we have a Sudoku generator),Sudoku family (live) + more logic types,"Names and stats are facts. Logos, photos and league marks are not free to use."
Immaculate Grid: Hockey,https://www.sports-reference.com/immaculate-grid/hockey,Sports,2,Logic grid / number logic,Self-generated (we have a Sudoku generator),Sudoku family (live) + more logic types,"Names and stats are facts. Logos, photos and league marks are not free to use."
Immaculate Grid: Men's Basketball,https://www.sports-reference.com/immaculate-grid/basketball/mens,Sports,2,Logic grid / number logic,Self-generated (we have a Sudoku generator),Sudoku family (live) + more logic types,"Names and stats are facts. Logos, photos and league marks are not free to use."
Immaculate Grid: Pro Football,https://www.sports-reference.com/immaculate-grid/football,Sports,2,Logic grid / number logic,Self-generated (we have a Sudoku generator),Sudoku family (live) + more logic types,"Names and stats are facts. Logos, photos and league marks are not free to use."
Immaculate Grid: Women's Basketball,https://www.sports-reference.com/immaculate-grid/basketball/womens,Sports,2,Logic grid / number logic,Self-generated (we have a Sudoku generator),Sudoku family (live) + more logic types,"Names and stats are facts. Logos, photos and league marks are not free to use."
Mcbirdle,https://kendisc.com/mcbirdle,Sports,2,Attribute guess (-dle),Open dataset with comparable attributes,Attribute-guess engine (building now),"Names and stats are facts. Logos, photos and league marks are not free to use."
MLB Pickle,https://www.mlbpickle.com,Sports,3,Attribute guess (-dle),Open dataset with comparable attributes,Attribute-guess engine (building now),"Built around someone's characters, brand or league. The mechanic is free; the content is not."
NYT Connections: Sports Edition,https://www.nytimes.com/athletic/connections-sports-edition,Sports,3,Grouping / connections,Own word lists and themes,Grouping engine,Proprietary publisher content or brand. Rebuild the idea under our own name if at all; never copy their puzzles.
Poeltl,https://poeltl.nbpa.com,Sports,2,Attribute guess (-dle),Open dataset with comparable attributes,Attribute-guess engine (building now),"Names and stats are facts. Logos, photos and league marks are not free to use."
Puckdoku,https://www.puckdoku.com,Sports,2,Attribute guess (-dle),Open dataset with comparable attributes,Attribute-guess engine (building now),"Names and stats are facts. Logos, photos and league marks are not free to use."
StatPad Game,https://www.statpadgame.com,Sports,2,Attribute guess (-dle),Open dataset with comparable attributes,Attribute-guess engine (building now),"Names and stats are facts. Logos, photos and league marks are not free to use."
Time Machine (MLB),https://boxscore.email/games/time-machine,Sports,3,Attribute guess (-dle),Open dataset with comparable attributes,Attribute-guess engine (building now),"Built around someone's characters, brand or league. The mechanic is free; the content is not."
Weddle,https://www.weddlegame.com,Sports,2,Attribute guess (-dle),Open dataset with comparable attributes,Attribute-guess engine (building now),"Names and stats are facts. Logos, photos and league marks are not free to use."
Worpel,https://playworpel.com,Sports,2,Attribute guess (-dle),Open dataset with comparable attributes,Attribute-guess engine (building now),"Names and stats are facts. Logos, photos and league marks are not free to use."
WrestlePlay,https://wrestleplay.com,Sports,2,Attribute guess (-dle),Open dataset with comparable attributes,Attribute-guess engine (building now),"Names and stats are facts. Logos, photos and league marks are not free to use."
Brainer,https://gamebunny.app/brainer,Trivia,1,Other,Check case by case,Case by case,"Mechanic is free to rebuild. Use our own code, art, wording and an open or self-made data set."
Catalogues,https://www.newyorker.com/puzzles-and-games-dept/catalogues,Trivia,1,Logic grid / number logic,Self-generated (we have a Sudoku generator),Sudoku family (live) + more logic types,"Mechanic is free to rebuild. Use our own code, art, wording and an open or self-made data set."
Catfishing,https://catfishing.net,Trivia,1,Other,Check case by case,Case by case,"Mechanic is free to rebuild. Use our own code, art, wording and an open or self-made data set."
Centumth,https://www.centumth.com,Trivia,1,Other,Check case by case,Case by case,"Mechanic is free to rebuild. Use our own code, art, wording and an open or self-made data set."
Concludle,https://tryhardguides.com/concludle,Trivia,1,Attribute guess (-dle),Open dataset with comparable attributes,Attribute-guess engine (building now),"Mechanic is free to rebuild. Use our own code, art, wording and an open or self-made data set."
Daily Dozen Trivia,https://dailydozentrivia.com,Trivia,1,Trivia / multiple choice,"Open Trivia DB, own sets",Daily Five (live),"Mechanic is free to rebuild. Use our own code, art, wording and an open or self-made data set."
Daily Fact or Fiction,https://dailyfactorfiction.com,Trivia,1,Trivia / multiple choice,"Open Trivia DB, own sets",Daily Five (live),"Mechanic is free to rebuild. Use our own code, art, wording and an open or self-made data set."
Daily Orbs,https://dailyorbs.com,Trivia,1,Other,Check case by case,Case by case,"Mechanic is free to rebuild. Use our own code, art, wording and an open or self-made data set."
Daily Tens,https://dailytens.com,Trivia,1,Other,Check case by case,Case by case,"Mechanic is free to rebuild. Use our own code, art, wording and an open or self-made data set."
Disorderly,https://playdisorderly.com,Trivia,1,Timeline / ordering,"Wikidata (CC0), open events",Timeline engine,"Mechanic is free to rebuild. Use our own code, art, wording and an open or self-made data set."
Eruptle,https://eruptle.app,Trivia,1,Attribute guess (-dle),Open dataset with comparable attributes,Attribute-guess engine (building now),"Mechanic is free to rebuild. Use our own code, art, wording and an open or self-made data set."
Factle,https://frontofficesports.com/trivia/factle,Trivia,1,Trivia / multiple choice,"Open Trivia DB, own sets",Daily Five (live),"Mechanic is free to rebuild. Use our own code, art, wording and an open or self-made data set."
GnarlyQ,https://gnarlyq.com,Trivia,1,Other,Check case by case,Case by case,"Mechanic is free to rebuild. Use our own code, art, wording and an open or self-made data set."
Google Feud,https://googlefeud.com,Trivia,1,Attribute guess (-dle),Open dataset with comparable attributes,Attribute-guess engine (building now),"Mechanic is free to rebuild. Use our own code, art, wording and an open or self-made data set."
Jeopardy 6,https://www.jeopardy.com/play/j6,Trivia,3,Other,Check case by case,Case by case,Proprietary publisher content or brand. Rebuild the idea under our own name if at all; never copy their puzzles.
Krillion,https://krillion.io,Trivia,1,Other,Check case by case,Case by case,"Mechanic is free to rebuild. Use our own code, art, wording and an open or self-made data set."
On the Record,https://www.washingtonpost.com/news-quiz,Trivia,1,Trivia / multiple choice,"Open Trivia DB, own sets",Daily Five (live),"Mechanic is free to rebuild. Use our own code, art, wording and an open or self-made data set."
pedantle,https://pedantle.certitudes.org,Trivia,1,Attribute guess (-dle),Open dataset with comparable attributes,Attribute-guess engine (building now),"Mechanic is free to rebuild. Use our own code, art, wording and an open or self-made data set."
PopCultured,https://histordle.com/popcultured,Trivia,1,Attribute guess (-dle),Open dataset with comparable attributes,Attribute-guess engine (building now),"Mechanic is free to rebuild. Use our own code, art, wording and an open or self-made data set."
Quintalist,https://www.quintalist.com,Trivia,1,Other,Check case by case,Case by case,"Mechanic is free to rebuild. Use our own code, art, wording and an open or self-made data set."
Quiple,https://quiple.xyz,Trivia,1,Attribute guess (-dle),Open dataset with comparable attributes,Attribute-guess engine (building now),"Mechanic is free to rebuild. Use our own code, art, wording and an open or self-made data set."
Quizl,https://quizl.io,Trivia,1,Trivia / multiple choice,"Open Trivia DB, own sets",Daily Five (live),"Mechanic is free to rebuild. Use our own code, art, wording and an open or self-made data set."
Rabbithole,https://www.theatlantic.com/games/rabbithole/,Trivia,1,Attribute guess (-dle),Open dataset with comparable attributes,Attribute-guess engine (building now),"Mechanic is free to rebuild. Use our own code, art, wording and an open or self-made data set."
Rankle,https://www.rankle.app,Trivia,1,Timeline / ordering,"Wikidata (CC0), open events",Timeline engine,"Mechanic is free to rebuild. Use our own code, art, wording and an open or self-made data set."
Real Bird Fake Bird,https://realbirdfakebird.com,Trivia,1,Other,Check case by case,Case by case,"Mechanic is free to rebuild. Use our own code, art, wording and an open or self-made data set."
Redactle,https://redactle.net,Trivia,1,Attribute guess (-dle),Open dataset with comparable attributes,Attribute-guess engine (building now),"Mechanic is free to rebuild. Use our own code, art, wording and an open or self-made data set."
Revealed,https://www.britannica.com/games/revealed,Trivia,1,Picture reveal / zoom,Openly licensed images only,Zoom-reveal engine,"Mechanic is free to rebuild. Use our own code, art, wording and an open or self-made data set."
riddl.ing,https://riddl.ing,Trivia,1,Other,Check case by case,Case by case,"Mechanic is free to rebuild. Use our own code, art, wording and an open or self-made data set."
TED - Cheat Sheet,https://www.ted.com/games/cheat-sheet,Trivia,1,Other,Check case by case,Case by case,"Mechanic is free to rebuild. Use our own code, art, wording and an open or self-made data set."
The New Daily - Trivia,https://www.thenewdaily.com.au/puzzles/quiz-trivia,Trivia,1,Logic grid / number logic,Self-generated (we have a Sudoku generator),Sudoku family (live) + more logic types,"Mechanic is free to rebuild. Use our own code, art, wording and an open or self-made data set."
The Wiki Game Daily,https://www.thewikigamedaily.com,Trivia,1,Other,Check case by case,Case by case,"Mechanic is free to rebuild. Use our own code, art, wording and an open or self-made data set."
Thrice,https://thrice.geekswhodrink.com,Trivia,1,Attribute guess (-dle),Open dataset with comparable attributes,Attribute-guess engine (building now),"Mechanic is free to rebuild. Use our own code, art, wording and an open or self-made data set."
Thruline,https://cyllibi.com/thruline,Trivia,1,Other,Check case by case,Case by case,"Mechanic is free to rebuild. Use our own code, art, wording and an open or self-made data set."
Tightrope,https://www.britannica.com/quiz/tightrope,Trivia,1,Trivia / multiple choice,"Open Trivia DB, own sets",Daily Five (live),"Mechanic is free to rebuild. Use our own code, art, wording and an open or self-made data set."
Top 5,https://topfivetrivia.com,Trivia,1,Trivia / multiple choice,"Open Trivia DB, own sets",Daily Five (live),"Mechanic is free to rebuild. Use our own code, art, wording and an open or self-made data set."
Airport Guessr,https://airportguessr.bytecatch.io/,Vehicles,2,Attribute guess (-dle),Open dataset with comparable attributes,Attribute-guess engine (building now),Specs are facts. Photos need an open licence (Wikimedia Commons) with credit.
Cardle,https://cardle.boxbox.autos,Vehicles,2,Attribute guess (-dle),Open dataset with comparable attributes,Attribute-guess engine (building now),Specs are facts. Photos need an open licence (Wikimedia Commons) with credit.
CarGuesser,https://carguesser.com,Vehicles,2,Attribute guess (-dle),Open dataset with comparable attributes,Attribute-guess engine (building now),Specs are facts. Photos need an open licence (Wikimedia Commons) with credit.
Planespottle,https://planespottle.bytecatch.io,Vehicles,2,Map / flag / place guess,"Natural Earth, Wikidata, Wikimedia Commons",Map and flag engine,Specs are facts. Photos need an open licence (Wikimedia Commons) with credit.
Ace Attorneydle,https://aceattorneydle.fr,Video Games,2,Attribute guess (-dle),Open dataset with comparable attributes,Attribute-guess engine (building now),"Names and facts are fine. Screenshots, art and sprites belong to the publishers; use only openly licensed wiki text."
Balatrodle,https://www.balatrodle.com,Video Games,2,Attribute guess (-dle),Open dataset with comparable attributes,Attribute-guess engine (building now),"Names and facts are fine. Screenshots, art and sprites belong to the publishers; use only openly licensed wiki text."
Bazaar Doku,https://bazaardb.gg/doku,Video Games,2,Attribute guess (-dle),Open dataset with comparable attributes,Attribute-guess engine (building now),"Names and facts are fine. Screenshots, art and sprites belong to the publishers; use only openly licensed wiki text."
Clasherdle,https://clasherdle.pixelcrux.com/,Video Games,2,Picture reveal / zoom,Openly licensed images only,Zoom-reveal engine,"Names and facts are fine. Screenshots, art and sprites belong to the publishers; use only openly licensed wiki text."
Craft Connections,https://craftconnections.net,Video Games,2,Grouping / connections,Own word lists and themes,Grouping engine,"Names and facts are fine. Screenshots, art and sprites belong to the publishers; use only openly licensed wiki text."
Dotadle,https://dotadle.net,Video Games,3,Attribute guess (-dle),Open dataset with comparable attributes,Attribute-guess engine (building now),"Built around someone's characters, brand or league. The mechanic is free; the content is not."
Emoji Quiz - Video Games,https://www.emojiquiz.net/games,Video Games,2,Picture reveal / zoom,Openly licensed images only,Zoom-reveal engine,"Names and facts are fine. Screenshots, art and sprites belong to the publishers; use only openly licensed wiki text."
Exodle,https://exodle.astrelion.com,Video Games,2,Attribute guess (-dle),Open dataset with comparable attributes,Attribute-guess engine (building now),"Names and facts are fine. Screenshots, art and sprites belong to the publishers; use only openly licensed wiki text."
Fortnitedle,https://www.fortnitedle.net,Video Games,3,Attribute guess (-dle),Open dataset with comparable attributes,Attribute-guess engine (building now),"Built around someone's characters, brand or league. The mechanic is free; the content is not."
Framedle,https://framedle.org,Video Games,2,Picture reveal / zoom,Openly licensed images only,Zoom-reveal engine,"Names and facts are fine. Screenshots, art and sprites belong to the publishers; use only openly licensed wiki text."
Framedle.com,https://framedle.com,Video Games,2,Picture reveal / zoom,Openly licensed images only,Zoom-reveal engine,"Names and facts are fine. Screenshots, art and sprites belong to the publishers; use only openly licensed wiki text."
Gamedle Artwork,https://www.gamedle.wtf/artwork,Video Games,2,Attribute guess (-dle),Open dataset with comparable attributes,Attribute-guess engine (building now),"Names and facts are fine. Screenshots, art and sprites belong to the publishers; use only openly licensed wiki text."
Gamedle Character,https://www.gamedle.wtf/characters,Video Games,2,Attribute guess (-dle),Open dataset with comparable attributes,Attribute-guess engine (building now),"Names and facts are fine. Screenshots, art and sprites belong to the publishers; use only openly licensed wiki text."
Gamedle Classic,https://www.gamedle.wtf/classic,Video Games,2,Attribute guess (-dle),Open dataset with comparable attributes,Attribute-guess engine (building now),"Names and facts are fine. Screenshots, art and sprites belong to the publishers; use only openly licensed wiki text."
Gamedle Guess,https://www.gamedle.wtf/guess,Video Games,2,Attribute guess (-dle),Open dataset with comparable attributes,Attribute-guess engine (building now),"Names and facts are fine. Screenshots, art and sprites belong to the publishers; use only openly licensed wiki text."
Gamedle Keywords,https://www.gamedle.wtf/keywords,Video Games,2,Attribute guess (-dle),Open dataset with comparable attributes,Attribute-guess engine (building now),"Names and facts are fine. Screenshots, art and sprites belong to the publishers; use only openly licensed wiki text."
Genshindle,https://us.genshindle.com/,Video Games,3,Attribute guess (-dle),Open dataset with comparable attributes,Attribute-guess engine (building now),"Built around someone's characters, brand or league. The mechanic is free; the content is not."
Guess The Game,https://guessthe.game,Video Games,2,Attribute guess (-dle),Open dataset with comparable attributes,Attribute-guess engine (building now),"Names and facts are fine. Screenshots, art and sprites belong to the publishers; use only openly licensed wiki text."
HOTSdle,https://hotsdle.zgame.studio/,Video Games,2,Attribute guess (-dle),Open dataset with comparable attributes,Attribute-guess engine (building now),"Names and facts are fine. Screenshots, art and sprites belong to the publishers; use only openly licensed wiki text."
HowLongToBeat Daily Challenge,https://howlongtobeat.com/play,Video Games,2,Attribute guess (-dle),Open dataset with comparable attributes,Attribute-guess engine (building now),"Names and facts are fine. Screenshots, art and sprites belong to the publishers; use only openly licensed wiki text."
Isaacle,https://isaacle.net,Video Games,2,Attribute guess (-dle),Open dataset with comparable attributes,Attribute-guess engine (building now),"Names and facts are fine. Screenshots, art and sprites belong to the publishers; use only openly licensed wiki text."
Isaaconnect,https://isaaconnect.com,Video Games,2,Grouping / connections,Own word lists and themes,Grouping engine,"Names and facts are fine. Screenshots, art and sprites belong to the publishers; use only openly licensed wiki text."
Jingle.rs,https://jingle.rs,Video Games,2,Attribute guess (-dle),Open dataset with comparable attributes,Attribute-guess engine (building now),"Names and facts are fine. Screenshots, art and sprites belong to the publishers; use only openly licensed wiki text."
Lockle,https://www.lockle.app,Video Games,2,Attribute guess (-dle),Open dataset with comparable attributes,Attribute-guess engine (building now),"Names and facts are fine. Screenshots, art and sprites belong to the publishers; use only openly licensed wiki text."
LoLdle,https://loldle.net,Video Games,2,Attribute guess (-dle),Open dataset with comparable attributes,Attribute-guess engine (building now),"Names and facts are fine. Screenshots, art and sprites belong to the publishers; use only openly licensed wiki text."
MapleWordle,https://www.maplewordle.com,Video Games,2,Map / flag / place guess,"Natural Earth, Wikidata, Wikimedia Commons",Map and flag engine,"Names and facts are fine. Screenshots, art and sprites belong to the publishers; use only openly licensed wiki text."
Marathondle,https://marathondle.com,Video Games,2,Attribute guess (-dle),Open dataset with comparable attributes,Attribute-guess engine (building now),"Names and facts are fine. Screenshots, art and sprites belong to the publishers; use only openly licensed wiki text."
Mcdle,https://www.mcdle.net,Video Games,2,Attribute guess (-dle),Open dataset with comparable attributes,Attribute-guess engine (building now),"Names and facts are fine. Screenshots, art and sprites belong to the publishers; use only openly licensed wiki text."
Minecraftle,https://minecraftle.zachmanson.com,Video Games,3,Logic grid / number logic,Self-generated (we have a Sudoku generator),Sudoku family (live) + more logic types,"Built around someone's characters, brand or league. The mechanic is free; the content is not."
Monster Hunter-dle,https://monster-hunter-dle.akato.fr/classic,Video Games,2,Attribute guess (-dle),Open dataset with comparable attributes,Attribute-guess engine (building now),"Names and facts are fine. Screenshots, art and sprites belong to the publishers; use only openly licensed wiki text."
Nookle,https://nookle.net,Video Games,2,Attribute guess (-dle),Open dataset with comparable attributes,Attribute-guess engine (building now),"Names and facts are fine. Screenshots, art and sprites belong to the publishers; use only openly licensed wiki text."
OWdle,https://owdle.guessing.day,Video Games,2,Attribute guess (-dle),Open dataset with comparable attributes,Attribute-guess engine (building now),"Names and facts are fine. Screenshots, art and sprites belong to the publishers; use only openly licensed wiki text."
Palwordle,https://palwordle.net,Video Games,2,Attribute guess (-dle),Open dataset with comparable attributes,Attribute-guess engine (building now),"Names and facts are fine. Screenshots, art and sprites belong to the publishers; use only openly licensed wiki text."
Patchdle,https://patchdle.com,Video Games,2,Attribute guess (-dle),Open dataset with comparable attributes,Attribute-guess engine (building now),"Names and facts are fine. Screenshots, art and sprites belong to the publishers; use only openly licensed wiki text."
Pikadoku,https://pikadoku.dentotino.com,Video Games,2,Attribute guess (-dle),Open dataset with comparable attributes,Attribute-guess engine (building now),"Names and facts are fine. Screenshots, art and sprites belong to the publishers; use only openly licensed wiki text."
PokeCryptic,https://www.pokecryptic.com,Video Games,3,Cipher / decode,Own quotes (public domain),Cipher engine,"Built around someone's characters, brand or league. The mechanic is free; the content is not."
Pokedle.com,https://pokedle.com,Video Games,3,Attribute guess (-dle),Open dataset with comparable attributes,Attribute-guess engine (building now),"Built around someone's characters, brand or league. The mechanic is free; the content is not."
Pokedle.net,https://pokedle.net,Video Games,3,Attribute guess (-dle),Open dataset with comparable attributes,Attribute-guess engine (building now),"Built around someone's characters, brand or league. The mechanic is free; the content is not."
Pokedoku,https://pokedoku.com,Video Games,3,Attribute guess (-dle),Open dataset with comparable attributes,Attribute-guess engine (building now),"Built around someone's characters, brand or league. The mechanic is free; the content is not."
Pokegrid,https://www.pokegrid.net,Video Games,3,Logic grid / number logic,Self-generated (we have a Sudoku generator),Sudoku family (live) + more logic types,"Built around someone's characters, brand or league. The mechanic is free; the content is not."
Pokerating,https://pokerating.com/puzzle,Video Games,3,Chess/board puzzle,Lichess (CC0) for chess; self-made for the rest,Chess (live),"Built around someone's characters, brand or league. The mechanic is free; the content is not."
Pufferdle,https://pufferdle.com,Video Games,2,Attribute guess (-dle),Open dataset with comparable attributes,Attribute-guess engine (building now),"Names and facts are fine. Screenshots, art and sprites belong to the publishers; use only openly licensed wiki text."
R6dle,https://r6dle.net,Video Games,2,Attribute guess (-dle),Open dataset with comparable attributes,Attribute-guess engine (building now),"Names and facts are fine. Screenshots, art and sprites belong to the publishers; use only openly licensed wiki text."
Retro Game Trivia,https://retrotrivia.games,Video Games,2,Trivia / multiple choice,"Open Trivia DB, own sets",Daily Five (live),"Names and facts are fine. Screenshots, art and sprites belong to the publishers; use only openly licensed wiki text."
Royaledle,https://royaledle.com,Video Games,2,Attribute guess (-dle),Open dataset with comparable attributes,Attribute-guess engine (building now),"Names and facts are fine. Screenshots, art and sprites belong to the publishers; use only openly licensed wiki text."
Runedle,https://runedle.com,Video Games,2,Attribute guess (-dle),Open dataset with comparable attributes,Attribute-guess engine (building now),"Names and facts are fine. Screenshots, art and sprites belong to the publishers; use only openly licensed wiki text."
Silksongdle,https://silksongdle.com,Video Games,2,Audio / lyric,Provider embeds only,Skip: audio rights,Song facts are fine. Audio only through the provider's embed or preview terms; never host clips.
Smashdle,https://smashdle.net,Video Games,3,Attribute guess (-dle),Open dataset with comparable attributes,Attribute-guess engine (building now),"Built around someone's characters, brand or league. The mechanic is free; the content is not."
Snapdle,https://snapdle.github.io/classic,Video Games,2,Attribute guess (-dle),Open dataset with comparable attributes,Attribute-guess engine (building now),"Names and facts are fine. Screenshots, art and sprites belong to the publishers; use only openly licensed wiki text."
Soulsborndle,https://malthesers.github.io/soulsborndle,Video Games,2,Attribute guess (-dle),Open dataset with comparable attributes,Attribute-guess engine (building now),"Names and facts are fine. Screenshots, art and sprites belong to the publishers; use only openly licensed wiki text."
Spiredle,https://spiredle.com,Video Games,2,Attribute guess (-dle),Open dataset with comparable attributes,Attribute-guess engine (building now),"Names and facts are fine. Screenshots, art and sprites belong to the publishers; use only openly licensed wiki text."
spiredle.net,https://spiredle.net,Video Games,2,Attribute guess (-dle),Open dataset with comparable attributes,Attribute-guess engine (building now),"Names and facts are fine. Screenshots, art and sprites belong to the publishers; use only openly licensed wiki text."
Squirdle Daily,https://squirdle.fireblend.com/daily.html,Video Games,2,Attribute guess (-dle),Open dataset with comparable attributes,Attribute-guess engine (building now),"Names and facts are fine. Screenshots, art and sprites belong to the publishers; use only openly licensed wiki text."
Stardewdle,https://stardewdle.com/game,Video Games,3,Attribute guess (-dle),Open dataset with comparable attributes,Attribute-guess engine (building now),"Built around someone's characters, brand or league. The mechanic is free; the content is not."
steamdle.com,https://steamdle.com,Video Games,2,Attribute guess (-dle),Open dataset with comparable attributes,Attribute-guess engine (building now),"Names and facts are fine. Screenshots, art and sprites belong to the publishers; use only openly licensed wiki text."
Streetfighterdle,https://streetfighterdle.net,Video Games,2,Map / flag / place guess,"Natural Earth, Wikidata, Wikimedia Commons",Map and flag engine,"Names and facts are fine. Screenshots, art and sprites belong to the publishers; use only openly licensed wiki text."
Terradle,https://www.terradle.com,Video Games,2,Attribute guess (-dle),Open dataset with comparable attributes,Attribute-guess engine (building now),"Names and facts are fine. Screenshots, art and sprites belong to the publishers; use only openly licensed wiki text."
TF2dle,https://www.tf2dle.com,Video Games,2,Attribute guess (-dle),Open dataset with comparable attributes,Attribute-guess engine (building now),"Names and facts are fine. Screenshots, art and sprites belong to the publishers; use only openly licensed wiki text."
TFTdle,https://tftdle.gg/classic,Video Games,2,Attribute guess (-dle),Open dataset with comparable attributes,Attribute-guess engine (building now),"Names and facts are fine. Screenshots, art and sprites belong to the publishers; use only openly licensed wiki text."
Umadle,https://umadle.net,Video Games,2,Attribute guess (-dle),Open dataset with comparable attributes,Attribute-guess engine (building now),"Names and facts are fine. Screenshots, art and sprites belong to the publishers; use only openly licensed wiki text."
Valodle,https://valodle.eu,Video Games,2,Attribute guess (-dle),Open dataset with comparable attributes,Attribute-guess engine (building now),"Names and facts are fine. Screenshots, art and sprites belong to the publishers; use only openly licensed wiki text."
Wardle,https://wardlegame.com/,Video Games,2,Attribute guess (-dle),Open dataset with comparable attributes,Attribute-guess engine (building now),"Names and facts are fine. Screenshots, art and sprites belong to the publishers; use only openly licensed wiki text."
Weakdle,https://dentotino.com/weakdle,Video Games,2,Attribute guess (-dle),Open dataset with comparable attributes,Attribute-guess engine (building now),"Names and facts are fine. Screenshots, art and sprites belong to the publishers; use only openly licensed wiki text."
Weakdoku,https://weakdoku.dentotino.com,Video Games,2,Attribute guess (-dle),Open dataset with comparable attributes,Attribute-guess engine (building now),"Names and facts are fine. Screenshots, art and sprites belong to the publishers; use only openly licensed wiki text."
Wowdle,https://www.wowdle.app,Video Games,2,Attribute guess (-dle),Open dataset with comparable attributes,Attribute-guess engine (building now),"Names and facts are fine. Screenshots, art and sprites belong to the publishers; use only openly licensed wiki text."
Zeldadle,https://www.zeldadle.net,Video Games,3,Attribute guess (-dle),Open dataset with comparable attributes,Attribute-guess engine (building now),"Built around someone's characters, brand or league. The mechanic is free; the content is not."
Zeldle,https://zeldle.xyz,Video Games,3,Attribute guess (-dle),Open dataset with comparable attributes,Attribute-guess engine (building now),"Built around someone's characters, brand or league. The mechanic is free; the content is not."
ZoomOut,https://zoomout.videoludid.com,Video Games,2,Picture reveal / zoom,Openly licensed images only,Zoom-reveal engine,"Names and facts are fine. Screenshots, art and sprites belong to the publishers; use only openly licensed wiki text."
AITA Guesser,https://muhashi.com/aita-guesser/,Miscellaneous,1,Logic grid / number logic,Self-generated (we have a Sudoku generator),Sudoku family (live) + more logic types,"Mechanic is free to rebuild. Use our own code, art, wording and an open or self-made data set."
Archiguessr,https://archiguesser.com,Miscellaneous,1,Other,Check case by case,Case by case,"Mechanic is free to rebuild. Use our own code, art, wording and an open or self-made data set."
Artle,https://www.nga.gov/artle.html,Miscellaneous,1,Other,Check case by case,Case by case,"Mechanic is free to rebuild. Use our own code, art, wording and an open or self-made data set."
Baddle,https://tumblecricket.net/Baddle/,Miscellaneous,1,Other,Check case by case,Case by case,"Mechanic is free to rebuild. Use our own code, art, wording and an open or self-made data set."
Bibdle,https://bibdle.com,Miscellaneous,1,Other,Check case by case,Case by case,"Mechanic is free to rebuild. Use our own code, art, wording and an open or self-made data set."
Clue Tube,https://thecluetube.com,Miscellaneous,1,Other,Check case by case,Case by case,"Mechanic is free to rebuild. Use our own code, art, wording and an open or self-made data set."
Coastle,https://pkyu.github.io/coastle/,Miscellaneous,1,Other,Check case by case,Case by case,"Mechanic is free to rebuild. Use our own code, art, wording and an open or self-made data set."
Cosmeredle,https://cosmeredle.net,Miscellaneous,1,Other,Check case by case,Case by case,"Mechanic is free to rebuild. Use our own code, art, wording and an open or self-made data set."
Cropple,https://cropple.app,Miscellaneous,1,Other,Check case by case,Case by case,"Mechanic is free to rebuild. Use our own code, art, wording and an open or self-made data set."
Dungleon,https://www.dungleon.com,Miscellaneous,1,Other,Check case by case,Case by case,"Mechanic is free to rebuild. Use our own code, art, wording and an open or self-made data set."
enclose.horse,https://enclose.horse,Miscellaneous,1,Other,Check case by case,Case by case,"Mechanic is free to rebuild. Use our own code, art, wording and an open or self-made data set."
Face Guessr,https://www.faceguesser.com,Miscellaneous,1,Other,Check case by case,Case by case,"Mechanic is free to rebuild. Use our own code, art, wording and an open or self-made data set."
Facedle,https://facedle.app,Miscellaneous,1,Other,Check case by case,Case by case,"Mechanic is free to rebuild. Use our own code, art, wording and an open or self-made data set."
Forgeous,https://forgeous.fun,Miscellaneous,1,Map / flag / place guess,"Natural Earth, Wikidata, Wikimedia Commons",Map and flag engine,"Mechanic is free to rebuild. Use our own code, art, wording and an open or self-made data set."
Gauntle,https://gauntle.com,Miscellaneous,1,Other,Check case by case,Case by case,"Mechanic is free to rebuild. Use our own code, art, wording and an open or self-made data set."
Guess The Book,https://guessthebook.app,Miscellaneous,1,Other,Check case by case,Case by case,"Mechanic is free to rebuild. Use our own code, art, wording and an open or self-made data set."
Guess The Logo,https://guessthelogo.wtf,Miscellaneous,1,Chess/board puzzle,Lichess (CC0) for chess; self-made for the rest,Chess (live),"Mechanic is free to rebuild. Use our own code, art, wording and an open or self-made data set."
Kinda Hard Golf,https://kindahardgolf.com,Miscellaneous,1,Other,Check case by case,Case by case,"Mechanic is free to rebuild. Use our own code, art, wording and an open or self-made data set."
Minigolfle,https://minigolfle.com,Miscellaneous,1,Crossword / mini,Own clues and grids (we have a generator),Crossword (live),"Mechanic is free to rebuild. Use our own code, art, wording and an open or self-made data set."
morsle,https://morsle.fun,Miscellaneous,1,Other,Check case by case,Case by case,"Mechanic is free to rebuild. Use our own code, art, wording and an open or self-made data set."
Morsle (decipher.wiki),https://decipher.wiki/morsle,Miscellaneous,1,Cipher / decode,Own quotes (public domain),Cipher engine,"Mechanic is free to rebuild. Use our own code, art, wording and an open or self-made data set."
Picsey,https://picsey.io,Miscellaneous,1,Other,Check case by case,Case by case,"Mechanic is free to rebuild. Use our own code, art, wording and an open or self-made data set."
Ponder Club,https://ponderclub.co,Miscellaneous,1,Other,Check case by case,Case by case,"Mechanic is free to rebuild. Use our own code, art, wording and an open or self-made data set."
Power Scadle,https://powerscadle.com,Miscellaneous,1,Other,Check case by case,Case by case,"Mechanic is free to rebuild. Use our own code, art, wording and an open or self-made data set."
putt.day,https://putt.day/play,Miscellaneous,1,Other,Check case by case,Case by case,"Mechanic is free to rebuild. Use our own code, art, wording and an open or self-made data set."
Quotadle,https://quotadle.com,Miscellaneous,1,Other,Check case by case,Case by case,"Mechanic is free to rebuild. Use our own code, art, wording and an open or self-made data set."
Rogule,https://rogule.com/game.html,Miscellaneous,1,Other,Check case by case,Case by case,"Mechanic is free to rebuild. Use our own code, art, wording and an open or self-made data set."
Seedle,https://seedle.io,Miscellaneous,1,Other,Check case by case,Case by case,"Mechanic is free to rebuild. Use our own code, art, wording and an open or self-made data set."
Spot the differences,https://www.spot-differences.com,Miscellaneous,1,Map / flag / place guess,"Natural Earth, Wikidata, Wikimedia Commons",Map and flag engine,"Mechanic is free to rebuild. Use our own code, art, wording and an open or self-made data set."
Squishy Billiards,https://squishybilliards.com,Miscellaneous,1,Other,Check case by case,Case by case,"Mechanic is free to rebuild. Use our own code, art, wording and an open or self-made data set."
Story Sleuth,https://booksleuth.club/storysleuth/,Miscellaneous,1,Other,Check case by case,Case by case,"Mechanic is free to rebuild. Use our own code, art, wording and an open or self-made data set."
Talldle,https://www.talldle.com,Miscellaneous,1,Other,Check case by case,Case by case,"Mechanic is free to rebuild. Use our own code, art, wording and an open or self-made data set."
The Daily Baffle,https://dailybaffle.com,Miscellaneous,1,Other,Check case by case,Case by case,"Mechanic is free to rebuild. Use our own code, art, wording and an open or self-made data set."
The Split,https://www.timecube.in,Miscellaneous,1,Other,Check case by case,Case by case,"Mechanic is free to rebuild. Use our own code, art, wording and an open or self-made data set."
Thingdle,https://thingdle.app/en/thingdle,Miscellaneous,1,Other,Check case by case,Case by case,"Mechanic is free to rebuild. Use our own code, art, wording and an open or self-made data set."
Thinky Dailies,https://thinkygames.com/dailies/today/,Miscellaneous,1,Other,Check case by case,Case by case,"Mechanic is free to rebuild. Use our own code, art, wording and an open or self-made data set."
TypeCircuit,https://typecircuit.com,Miscellaneous,1,Other,Check case by case,Case by case,"Mechanic is free to rebuild. Use our own code, art, wording and an open or self-made data set."
VTuble,https://www.vtuble.moe,Miscellaneous,1,Other,Check case by case,Case by case,"Mechanic is free to rebuild. Use our own code, art, wording and an open or self-made data set."
Wallstreetle,https://wallstreetle.com,Miscellaneous,1,Map / flag / place guess,"Natural Earth, Wikidata, Wikimedia Commons",Map and flag engine,"Mechanic is free to rebuild. Use our own code, art, wording and an open or self-made data set."
Wantedle,https://wantedle.com,Miscellaneous,1,Other,Check case by case,Case by case,"Mechanic is free to rebuild. Use our own code, art, wording and an open or self-made data set."
Weather Darts,http://www.weatherdarts.com,Miscellaneous,1,Other,Check case by case,Case by case,"Mechanic is free to rebuild. Use our own code, art, wording and an open or self-made data set."
23 Words,https://wordnerd.co/23words,Words,1,Grid guess (Wordle-like),Self-generated,Grid-guess family (Linkle/Quadlink live),"Mechanic is free to rebuild. Use our own code, art, wording and an open or self-made data set."
4 x 3,https://www.hankgreen.com/fourbythree/,Words,1,Word puzzle (other),Self-generated,Grid-guess family (Linkle/Quadlink live),"Mechanic is free to rebuild. Use our own code, art, wording and an open or self-made data set."
7 Little Words,https://7littlewords.com/7lw,Words,3,Grid guess (Wordle-like),Self-generated,Grid-guess family (Linkle/Quadlink live),Proprietary publisher content or brand. Rebuild the idea under our own name if at all; never copy their puzzles.
Absurdle,https://qntm.org/files/absurdle/absurdle.html,Words,1,Grid guess (Wordle-like),Self-generated,Grid-guess family (Linkle/Quadlink live),"Mechanic is free to rebuild. Use our own code, art, wording and an open or self-made data set."
Adoptle,https://tryhardguides.com/adoptle,Words,1,Grid guess (Wordle-like),Self-generated,Grid-guess family (Linkle/Quadlink live),"Mechanic is free to rebuild. Use our own code, art, wording and an open or self-made data set."
Alphalock,https://alphalockgame.net,Words,3,Word puzzle (other),Self-generated,Grid-guess family (Linkle/Quadlink live),"Built around someone's characters, brand or league. The mechanic is free; the content is not."
Antiwordle,https://www.antiwordle.com,Words,1,Grid guess (Wordle-like),Self-generated,Grid-guess family (Linkle/Quadlink live),"Mechanic is free to rebuild. Use our own code, art, wording and an open or self-made data set."
Beat Me At Boggle,https://beatmeatboggle.com,Words,1,Letter-set / boggle,Open word list (ENABLE),Letter-set engine,"Mechanic is free to rebuild. Use our own code, art, wording and an open or self-made data set."
Betweenle,https://betweenle.com,Words,1,Grid guess (Wordle-like),Self-generated,Grid-guess family (Linkle/Quadlink live),"Mechanic is free to rebuild. Use our own code, art, wording and an open or self-made data set."
Blockle,https://blockle.au,Words,1,Grid guess (Wordle-like),Self-generated,Grid-guess family (Linkle/Quadlink live),"Mechanic is free to rebuild. Use our own code, art, wording and an open or self-made data set."
Blossom,https://www.merriam-webster.com/games/blossom-word-game,Words,1,Letter-set / boggle,Open word list (ENABLE),Letter-set engine,"Mechanic is free to rebuild. Use our own code, art, wording and an open or self-made data set."
Blunderwall,https://bythomas.co.uk/blunderwall,Words,1,Word puzzle (other),Self-generated,Grid-guess family (Linkle/Quadlink live),"Mechanic is free to rebuild. Use our own code, art, wording and an open or self-made data set."
Boggdle,https://simenmh.com/boggdle,Words,1,Grid guess (Wordle-like),Self-generated,Grid-guess family (Linkle/Quadlink live),"Mechanic is free to rebuild. Use our own code, art, wording and an open or self-made data set."
Boston Globe - Align,https://www.bostonglobe.com/games/align/,Words,3,Map / flag / place guess,"Natural Earth, Wikidata, Wikimedia Commons",Map and flag engine,Proprietary publisher content or brand. Rebuild the idea under our own name if at all; never copy their puzzles.
Bracket City,https://www.theatlantic.com/games/bracket-city/,Words,1,Map / flag / place guess,"Natural Earth, Wikidata, Wikimedia Commons",Map and flag engine,"Mechanic is free to rebuild. Use our own code, art, wording and an open or self-made data set."
Cadgy,https://cadgy.net,Words,1,Word puzzle (other),Self-generated,Grid-guess family (Linkle/Quadlink live),"Mechanic is free to rebuild. Use our own code, art, wording and an open or self-made data set."
Cascadle,https://cascadle.xyz,Words,1,Grid guess (Wordle-like),Self-generated,Grid-guess family (Linkle/Quadlink live),"Mechanic is free to rebuild. Use our own code, art, wording and an open or self-made data set."
Categories,https://categories.clevergoat.com,Words,1,Grouping / connections,Own word lists and themes,Grouping engine,"Mechanic is free to rebuild. Use our own code, art, wording and an open or self-made data set."
Cell Tower,https://www.andrewt.net/puzzles/cell-tower,Words,1,Logic grid / number logic,Self-generated (we have a Sudoku generator),Sudoku family (live) + more logic types,"Mechanic is free to rebuild. Use our own code, art, wording and an open or self-made data set."
cemantle,https://cemantle.certitudes.org,Words,1,Semantic similarity,Open embeddings,Semantic engine (needs embeddings),"Mechanic is free to rebuild. Use our own code, art, wording and an open or self-made data set."
Chainagram,https://puzzletrail.games/puzzles/chainagram,Words,1,Grouping / connections,Own word lists and themes,Grouping engine,"Mechanic is free to rebuild. Use our own code, art, wording and an open or self-made data set."
Chainle,https://chainle.io,Words,1,Grouping / connections,Own word lists and themes,Grouping engine,"Mechanic is free to rebuild. Use our own code, art, wording and an open or self-made data set."
Chiddle,https://www.chiddle.net,Words,1,Grid guess (Wordle-like),Self-generated,Grid-guess family (Linkle/Quadlink live),"Mechanic is free to rebuild. Use our own code, art, wording and an open or self-made data set."
CHN LNK,https://thechnlnk.com,Words,1,Word puzzle (other),Self-generated,Grid-guess family (Linkle/Quadlink live),"Mechanic is free to rebuild. Use our own code, art, wording and an open or self-made data set."
ClickWord,https://clickword.org,Words,1,Grid guess (Wordle-like),Self-generated,Grid-guess family (Linkle/Quadlink live),"Mechanic is free to rebuild. Use our own code, art, wording and an open or self-made data set."
Cluewords,https://wordnerd.co/cluewords,Words,1,Grid guess (Wordle-like),Self-generated,Grid-guess family (Linkle/Quadlink live),"Mechanic is free to rebuild. Use our own code, art, wording and an open or self-made data set."
Cobble,https://wilf.live/cobble/,Words,1,Grid guess (Wordle-like),Self-generated,Grid-guess family (Linkle/Quadlink live),"Mechanic is free to rebuild. Use our own code, art, wording and an open or self-made data set."
Codenames Daily,https://codenames.game/daily/en,Words,1,Word puzzle (other),Self-generated,Grid-guess family (Linkle/Quadlink live),"Mechanic is free to rebuild. Use our own code, art, wording and an open or self-made data set."
Combinations,https://combinations.org,Words,1,Word puzzle (other),Self-generated,Grid-guess family (Linkle/Quadlink live),"Mechanic is free to rebuild. Use our own code, art, wording and an open or self-made data set."
Compound Your Joy,https://onelook.com/?loc=rd&amp;w=cyj,Words,1,Word puzzle (other),Self-generated,Grid-guess family (Linkle/Quadlink live),"Mechanic is free to rebuild. Use our own code, art, wording and an open or self-made data set."
Conexo,https://conexo.ws/en,Words,1,Grouping / connections,Own word lists and themes,Grouping engine,"Mechanic is free to rebuild. Use our own code, art, wording and an open or self-made data set."
Connections Game,https://connectionsgame.org,Words,1,Grouping / connections,Own word lists and themes,Grouping engine,"Mechanic is free to rebuild. Use our own code, art, wording and an open or self-made data set."
Contexto,https://contexto.me,Words,1,Semantic similarity,Open embeddings,Semantic engine (needs embeddings),"Mechanic is free to rebuild. Use our own code, art, wording and an open or self-made data set."
Couples,https://www.couples.game,Words,1,Grouping / connections,Own word lists and themes,Grouping engine,"Mechanic is free to rebuild. Use our own code, art, wording and an open or self-made data set."
CraftWord,https://craftword.game,Words,1,Grid guess (Wordle-like),Self-generated,Grid-guess family (Linkle/Quadlink live),"Mechanic is free to rebuild. Use our own code, art, wording and an open or self-made data set."
Crossflip,https://puzzmallow.com/crossflip,Words,1,Crossword / mini,Own clues and grids (we have a generator),Crossword (live),"Mechanic is free to rebuild. Use our own code, art, wording and an open or self-made data set."
Crosshare,https://crosshare.org,Words,1,Crossword / mini,Own clues and grids (we have a generator),Crossword (live),"Mechanic is free to rebuild. Use our own code, art, wording and an open or self-made data set."
Crossherd,https://crossherd.clevergoat.com,Words,1,Crossword / mini,Own clues and grids (we have a generator),Crossword (live),"Mechanic is free to rebuild. Use our own code, art, wording and an open or self-made data set."
Crossword Club Daily,https://crosswordclub.com/puzzles/,Words,3,Crossword / mini,Own clues and grids (we have a generator),Crossword (live),Proprietary publisher content or brand. Rebuild the idea under our own name if at all; never copy their puzzles.
Crosswordle,https://crosswordle.vercel.app,Words,1,Crossword / mini,Own clues and grids (we have a generator),Crossword (live),"Mechanic is free to rebuild. Use our own code, art, wording and an open or self-made data set."
crosswordle.com,https://crosswordle.com,Words,1,Crossword / mini,Own clues and grids (we have a generator),Crossword (live),"Mechanic is free to rebuild. Use our own code, art, wording and an open or self-made data set."
crosswordle.org,https://crosswordle.org,Words,1,Crossword / mini,Own clues and grids (we have a generator),Crossword (live),"Mechanic is free to rebuild. Use our own code, art, wording and an open or self-made data set."
cryptle,https://cryptle.xyz,Words,1,Cipher / decode,Own quotes (public domain),Cipher engine,"Mechanic is free to rebuild. Use our own code, art, wording and an open or self-made data set."
Cyphr,https://cyphrgame.com,Words,1,Cipher / decode,Own quotes (public domain),Cipher engine,"Mechanic is free to rebuild. Use our own code, art, wording and an open or self-made data set."
Daily Analogy,https://dailyanalogy.com,Words,1,Word puzzle (other),Self-generated,Grid-guess family (Linkle/Quadlink live),"Mechanic is free to rebuild. Use our own code, art, wording and an open or self-made data set."
Daily Crypticle,https://dailycrypticle.com,Words,1,Cipher / decode,Own quotes (public domain),Cipher engine,"Mechanic is free to rebuild. Use our own code, art, wording and an open or self-made data set."
Daily Fill-Ins,https://azgames.io/game/daily-fill-ins,Words,1,Crossword / mini,Own clues and grids (we have a generator),Crossword (live),"Mechanic is free to rebuild. Use our own code, art, wording and an open or self-made data set."
Daily Gogen,https://www.dailygogen.com,Words,3,Word puzzle (other),Self-generated,Grid-guess family (Linkle/Quadlink live),"Built around someone's characters, brand or league. The mechanic is free; the content is not."
Decipher,https://decipher.wtf,Words,1,Cipher / decode,Own quotes (public domain),Cipher engine,"Mechanic is free to rebuild. Use our own code, art, wording and an open or self-made data set."
Decodex,https://playdecodex.com,Words,1,Cipher / decode,Own quotes (public domain),Cipher engine,"Mechanic is free to rebuild. Use our own code, art, wording and an open or self-made data set."
Doople,https://www.dooplepuzzle.com,Words,1,Logic grid / number logic,Self-generated (we have a Sudoku generator),Sudoku family (live) + more logic types,"Mechanic is free to rebuild. Use our own code, art, wording and an open or self-made data set."
Dordle,https://zaratustra.itch.io/dordle,Words,1,Grid guess (Wordle-like),Self-generated,Grid-guess family (Linkle/Quadlink live),"Mechanic is free to rebuild. Use our own code, art, wording and an open or self-made data set."
Dowsle,https://dowsle.com,Words,1,Grid guess (Wordle-like),Self-generated,Grid-guess family (Linkle/Quadlink live),"Mechanic is free to rebuild. Use our own code, art, wording and an open or self-made data set."
Duolock Game,https://www.duolockgame.net,Words,1,Word puzzle (other),Self-generated,Grid-guess family (Linkle/Quadlink live),"Mechanic is free to rebuild. Use our own code, art, wording and an open or self-made data set."
Duotrigordle,https://duotrigordle.com,Words,1,Grid guess (Wordle-like),Self-generated,Grid-guess family (Linkle/Quadlink live),"Mechanic is free to rebuild. Use our own code, art, wording and an open or self-made data set."
Eightile,https://eightile.com,Words,1,Grid guess (Wordle-like),Self-generated,Grid-guess family (Linkle/Quadlink live),"Mechanic is free to rebuild. Use our own code, art, wording and an open or self-made data set."
Emoji Test,https://emojitest.com/en,Words,1,Picture reveal / zoom,Openly licensed images only,Zoom-reveal engine,"Mechanic is free to rebuild. Use our own code, art, wording and an open or self-made data set."
Fibble,https://fibble.xyz,Words,1,Grid guess (Wordle-like),Self-generated,Grid-guess family (Linkle/Quadlink live),"Mechanic is free to rebuild. Use our own code, art, wording and an open or self-made data set."
Flipple,https://flipple.clevergoat.com,Words,1,Grid guess (Wordle-like),Self-generated,Grid-guess family (Linkle/Quadlink live),"Mechanic is free to rebuild. Use our own code, art, wording and an open or self-made data set."
FoxiMax,https://foximax.com,Words,1,Word puzzle (other),Self-generated,Grid-guess family (Linkle/Quadlink live),"Mechanic is free to rebuild. Use our own code, art, wording and an open or self-made data set."
Freestyle,https://playfreestyle.co,Words,1,Grid guess (Wordle-like),Self-generated,Grid-guess family (Linkle/Quadlink live),"Mechanic is free to rebuild. Use our own code, art, wording and an open or self-made data set."
Fusele,https://fusele.netlify.app/?daily,Words,1,Grid guess (Wordle-like),Self-generated,Grid-guess family (Linkle/Quadlink live),"Mechanic is free to rebuild. Use our own code, art, wording and an open or self-made data set."
Gisnep,https://gisnep.com,Words,1,Word puzzle (other),Self-generated,Grid-guess family (Linkle/Quadlink live),"Mechanic is free to rebuild. Use our own code, art, wording and an open or self-made data set."
Glyph,https://glyph.today,Words,1,Word puzzle (other),Self-generated,Grid-guess family (Linkle/Quadlink live),"Mechanic is free to rebuild. Use our own code, art, wording and an open or self-made data set."
Gram Jam,https://gramjam.app,Words,1,Word puzzle (other),Self-generated,Grid-guess family (Linkle/Quadlink live),"Mechanic is free to rebuild. Use our own code, art, wording and an open or self-made data set."
Griddable,https://griddable.co.uk,Words,1,Grid guess (Wordle-like),Self-generated,Grid-guess family (Linkle/Quadlink live),"Mechanic is free to rebuild. Use our own code, art, wording and an open or self-made data set."
Griddle,https://griddlegame.io,Words,1,Grid guess (Wordle-like),Self-generated,Grid-guess family (Linkle/Quadlink live),"Mechanic is free to rebuild. Use our own code, art, wording and an open or self-made data set."
Gridogram,https://www.gridogram.com,Words,1,Word puzzle (other),Self-generated,Grid-guess family (Linkle/Quadlink live),"Mechanic is free to rebuild. Use our own code, art, wording and an open or self-made data set."
Guess My Word,https://hryanjones.com/guess-my-word,Words,1,Grid guess (Wordle-like),Self-generated,Grid-guess family (Linkle/Quadlink live),"Mechanic is free to rebuild. Use our own code, art, wording and an open or self-made data set."
Guess The Phrase,https://guessthephrase.xyz,Words,1,Word puzzle (other),Self-generated,Grid-guess family (Linkle/Quadlink live),"Mechanic is free to rebuild. Use our own code, art, wording and an open or self-made data set."
hello wordl,https://hellowordl.net/?today,Words,1,Grid guess (Wordle-like),Self-generated,Grid-guess family (Linkle/Quadlink live),"Mechanic is free to rebuild. Use our own code, art, wording and an open or self-made data set."
Huewords,https://huewords.snellman.net,Words,1,Color match,Self-generated,Color engine,"Mechanic is free to rebuild. Use our own code, art, wording and an open or self-made data set."
Jumble Daily,https://fun.chicagotribune.com/game/tca-jumble-daily/,Words,1,Grid guess (Wordle-like),Self-generated,Grid-guess family (Linkle/Quadlink live),"Mechanic is free to rebuild. Use our own code, art, wording and an open or self-made data set."
Jumblie,https://jumblie.com,Words,1,Word puzzle (other),Self-generated,Grid-guess family (Linkle/Quadlink live),"Mechanic is free to rebuild. Use our own code, art, wording and an open or self-made data set."
Karat,https://karat.auronymous.com,Words,1,Word puzzle (other),Self-generated,Grid-guess family (Linkle/Quadlink live),"Mechanic is free to rebuild. Use our own code, art, wording and an open or self-made data set."
Keyboard Lines,https://keyboardlines.com,Words,1,Word puzzle (other),Self-generated,Grid-guess family (Linkle/Quadlink live),"Mechanic is free to rebuild. Use our own code, art, wording and an open or self-made data set."
Keyword,https://www.washingtonpost.com/games/keyword,Words,1,Grid guess (Wordle-like),Self-generated,Grid-guess family (Linkle/Quadlink live),"Mechanic is free to rebuild. Use our own code, art, wording and an open or self-made data set."
LA Times Crossword,https://www.latimes.com/games/daily-crossword,Words,1,Crossword / mini,Own clues and grids (we have a generator),Crossword (live),"Mechanic is free to rebuild. Use our own code, art, wording and an open or self-made data set."
LA Times Mini,https://www.latimes.com/games/mini-crossword,Words,1,Crossword / mini,Own clues and grids (we have a generator),Crossword (live),"Mechanic is free to rebuild. Use our own code, art, wording and an open or self-made data set."
LA Times Word Search,https://www.latimes.com/games/wordsearch,Words,1,Letter-set / boggle,Open word list (ENABLE),Letter-set engine,"Mechanic is free to rebuild. Use our own code, art, wording and an open or self-made data set."
LA Times Wordflower,https://www.latimes.com/games/wordflower,Words,1,Higher / lower / estimate,"Open statistics (Wikidata, World Bank)",Higher-lower engine,"Mechanic is free to rebuild. Use our own code, art, wording and an open or self-made data set."
Langle,https://langle.uk,Words,1,Higher / lower / estimate,"Open statistics (Wikidata, World Bank)",Higher-lower engine,"Mechanic is free to rebuild. Use our own code, art, wording and an open or self-made data set."
Letroso,https://letroso.com/en/daily,Words,1,Word puzzle (other),Self-generated,Grid-guess family (Linkle/Quadlink live),"Mechanic is free to rebuild. Use our own code, art, wording and an open or self-made data set."
Lettered,https://lettered.io,Words,1,Letter-set / boggle,Open word list (ENABLE),Letter-set engine,"Mechanic is free to rebuild. Use our own code, art, wording and an open or self-made data set."
Lettergrams,https://puzzlist.com/lettergrams,Words,1,Letter-set / boggle,Open word list (ENABLE),Letter-set engine,"Mechanic is free to rebuild. Use our own code, art, wording and an open or self-made data set."
Letterinth,https://letterinth.com,Words,1,Letter-set / boggle,Open word list (ENABLE),Letter-set engine,"Mechanic is free to rebuild. Use our own code, art, wording and an open or self-made data set."
Letteripher,https://letteripher.com,Words,1,Letter-set / boggle,Open word list (ENABLE),Letter-set engine,"Mechanic is free to rebuild. Use our own code, art, wording and an open or self-made data set."
LetterLoop,https://theletterloop.com,Words,1,Letter-set / boggle,Open word list (ENABLE),Letter-set engine,"Mechanic is free to rebuild. Use our own code, art, wording and an open or self-made data set."
Lex.Games - By A Vowel,https://lex.games/byavowel/,Words,1,Word puzzle (other),Self-generated,Grid-guess family (Linkle/Quadlink live),"Mechanic is free to rebuild. Use our own code, art, wording and an open or self-made data set."
Lex.Games - Conlextions,https://lex.games/connections/,Words,1,Grouping / connections,Own word lists and themes,Grouping engine,"Mechanic is free to rebuild. Use our own code, art, wording and an open or self-made data set."
Lex.Games - Lexicogs,https://lex.games/lexicogs/,Words,1,Letter-set / boggle,Open word list (ENABLE),Letter-set engine,"Mechanic is free to rebuild. Use our own code, art, wording and an open or self-made data set."
Lex.Games - Mini Crossword,https://lex.games/mini/,Words,1,Crossword / mini,Own clues and grids (we have a generator),Crossword (live),"Mechanic is free to rebuild. Use our own code, art, wording and an open or self-made data set."
Lex.Games - Six Appeal,https://lex.games/six/,Words,1,Word puzzle (other),Self-generated,Grid-guess family (Linkle/Quadlink live),"Mechanic is free to rebuild. Use our own code, art, wording and an open or self-made data set."
Lex.Games - Square Dance,https://lex.games/squaredance,Words,1,Word puzzle (other),Self-generated,Grid-guess family (Linkle/Quadlink live),"Mechanic is free to rebuild. Use our own code, art, wording and an open or self-made data set."
Lexagon,https://lexagon.com,Words,1,Word puzzle (other),Self-generated,Grid-guess family (Linkle/Quadlink live),"Mechanic is free to rebuild. Use our own code, art, wording and an open or self-made data set."
Lexicle,https://lexicle.com,Words,1,Letter-set / boggle,Open word list (ENABLE),Letter-set engine,"Mechanic is free to rebuild. Use our own code, art, wording and an open or self-made data set."
Lingule,https://lingule.xyz,Words,1,Grid guess (Wordle-like),Self-generated,Grid-guess family (Linkle/Quadlink live),"Mechanic is free to rebuild. Use our own code, art, wording and an open or self-made data set."
LinkedIn - Crossclimb,https://www.linkedin.com/games/crossclimb,Words,1,Crossword / mini,Own clues and grids (we have a generator),Crossword (live),"Mechanic is free to rebuild. Use our own code, art, wording and an open or self-made data set."
LinkedIn - Pinpoint,https://www.linkedin.com/games/pinpoint,Words,1,Grouping / connections,Own word lists and themes,Grouping engine,"Mechanic is free to rebuild. Use our own code, art, wording and an open or self-made data set."
LinkedIn - Wend,https://www.linkedin.com/games/wend/,Words,1,Grouping / connections,Own word lists and themes,Grouping engine,"Mechanic is free to rebuild. Use our own code, art, wording and an open or self-made data set."
Linxicon,https://linxicon.com,Words,1,Word puzzle (other),Self-generated,Grid-guess family (Linkle/Quadlink live),"Mechanic is free to rebuild. Use our own code, art, wording and an open or self-made data set."
Lirdle,https://lirdle.com,Words,1,Grid guess (Wordle-like),Self-generated,Grid-guess family (Linkle/Quadlink live),"Mechanic is free to rebuild. Use our own code, art, wording and an open or self-made data set."
Minute Cryptic,https://www.minutecryptic.com,Words,1,Cipher / decode,Own quotes (public domain),Cipher engine,"Mechanic is free to rebuild. Use our own code, art, wording and an open or self-made data set."
Mislettered,https://tryhardguides.com/mislettered,Words,1,Letter-set / boggle,Open word list (ENABLE),Letter-set engine,"Mechanic is free to rebuild. Use our own code, art, wording and an open or self-made data set."
Nerdcube - Dabble,https://www.nerdcube.games/dabble,Words,1,Grid guess (Wordle-like),Self-generated,Grid-guess family (Linkle/Quadlink live),"Mechanic is free to rebuild. Use our own code, art, wording and an open or self-made data set."
Netflix - Bonza,https://www.netflix.com/tudum/puzzled/bonza/daily,Words,1,Logic grid / number logic,Self-generated (we have a Sudoku generator),Sudoku family (live) + more logic types,"Mechanic is free to rebuild. Use our own code, art, wording and an open or self-made data set."
Netflix - Crossover,https://www.netflix.com/tudum/puzzled/crossover/daily,Words,1,Crossword / mini,Own clues and grids (we have a generator),Crossword (live),"Mechanic is free to rebuild. Use our own code, art, wording and an open or self-made data set."
Netflix - Waywords,https://www.netflix.com/tudum/puzzled/waywords/daily,Words,1,Logic grid / number logic,Self-generated (we have a Sudoku generator),Sudoku family (live) + more logic types,"Mechanic is free to rebuild. Use our own code, art, wording and an open or self-made data set."
NounSense,https://daily.gametje.com/nounsense,Words,1,Word puzzle (other),Self-generated,Grid-guess family (Linkle/Quadlink live),"Mechanic is free to rebuild. Use our own code, art, wording and an open or self-made data set."
NYT Connections,https://www.nytimes.com/games/connections,Words,3,Grouping / connections,Own word lists and themes,Grouping engine,Proprietary publisher content or brand. Rebuild the idea under our own name if at all; never copy their puzzles.
NYT Strands,https://www.nytimes.com/games/strands,Words,3,Word puzzle (other),Self-generated,Grid-guess family (Linkle/Quadlink live),Proprietary publisher content or brand. Rebuild the idea under our own name if at all; never copy their puzzles.
NYT Wordle,https://www.nytimes.com/games/wordle/index.html,Words,3,Grid guess (Wordle-like),Self-generated,Grid-guess family (Linkle/Quadlink live),Proprietary publisher content or brand. Rebuild the idea under our own name if at all; never copy their puzzles.
Octordle,https://www.britannica.com/games/octordle,Words,1,Grid guess (Wordle-like),Self-generated,Grid-guess family (Linkle/Quadlink live),"Mechanic is free to rebuild. Use our own code, art, wording and an open or self-made data set."
Omiword,https://www.omiword.com,Words,1,Grid guess (Wordle-like),Self-generated,Grid-guess family (Linkle/Quadlink live),"Mechanic is free to rebuild. Use our own code, art, wording and an open or self-made data set."
One Word Search,https://puzzlist.com/onewordsearch/,Words,1,Letter-set / boggle,Open word list (ENABLE),Letter-set engine,"Mechanic is free to rebuild. Use our own code, art, wording and an open or self-made data set."
Orbits,https://www.playorbits.com,Words,1,Word puzzle (other),Self-generated,Grid-guess family (Linkle/Quadlink live),"Mechanic is free to rebuild. Use our own code, art, wording and an open or self-made data set."
Pair Down,https://pairdown.com,Words,1,Word puzzle (other),Self-generated,Grid-guess family (Linkle/Quadlink live),"Mechanic is free to rebuild. Use our own code, art, wording and an open or self-made data set."
Parseword,https://www.parseword.com,Words,1,Grid guess (Wordle-like),Self-generated,Grid-guess family (Linkle/Quadlink live),"Mechanic is free to rebuild. Use our own code, art, wording and an open or self-made data set."
Petalgrams,https://petalgrams.com,Words,1,Word puzzle (other),Self-generated,Grid-guess family (Linkle/Quadlink live),"Mechanic is free to rebuild. Use our own code, art, wording and an open or self-made data set."
Phrasicle,https://phrasicle.com,Words,1,Grid guess (Wordle-like),Self-generated,Grid-guess family (Linkle/Quadlink live),"Mechanic is free to rebuild. Use our own code, art, wording and an open or self-made data set."
Phrasle,https://phrasle.com,Words,1,Grid guess (Wordle-like),Self-generated,Grid-guess family (Linkle/Quadlink live),"Mechanic is free to rebuild. Use our own code, art, wording and an open or self-made data set."
Pimantle,https://semantle.pimanrul.es,Words,1,Grid guess (Wordle-like),Self-generated,Grid-guess family (Linkle/Quadlink live),"Mechanic is free to rebuild. Use our own code, art, wording and an open or self-made data set."
PIVOT,https://pivotthegame.com,Words,1,Word puzzle (other),Self-generated,Grid-guess family (Linkle/Quadlink live),"Mechanic is free to rebuild. Use our own code, art, wording and an open or self-made data set."
Pixletters,https://pixletters.com,Words,1,Letter-set / boggle,Open word list (ENABLE),Letter-set engine,"Mechanic is free to rebuild. Use our own code, art, wording and an open or self-made data set."
Plausible,https://plausiblegame.com/en,Words,1,Grid guess (Wordle-like),Self-generated,Grid-guess family (Linkle/Quadlink live),"Mechanic is free to rebuild. Use our own code, art, wording and an open or self-made data set."
Pocket Puzzles,https://playpocketpuzzles.com,Words,1,Logic grid / number logic,Self-generated (we have a Sudoku generator),Sudoku family (live) + more logic types,"Mechanic is free to rebuild. Use our own code, art, wording and an open or self-made data set."
Polygonle,https://www.polygonle.com,Words,3,Grid guess (Wordle-like),Self-generated,Grid-guess family (Linkle/Quadlink live),"Built around someone's characters, brand or league. The mechanic is free; the content is not."
Poople,https://poople.io,Words,1,Grid guess (Wordle-like),Self-generated,Grid-guess family (Linkle/Quadlink live),"Mechanic is free to rebuild. Use our own code, art, wording and an open or self-made data set."
Puzzmo - Bongo,https://www.puzzmo.com/game/bongo,Words,3,Chess/board puzzle,Lichess (CC0) for chess; self-made for the rest,Chess (live),Proprietary publisher content or brand. Rebuild the idea under our own name if at all; never copy their puzzles.
Puzzmo - Circuits,https://www.puzzmo.com/play/circuits,Words,3,Word puzzle (other),Self-generated,Grid-guess family (Linkle/Quadlink live),Proprietary publisher content or brand. Rebuild the idea under our own name if at all; never copy their puzzles.
Puzzmo - Crossword,https://www.puzzmo.com/play/crossword,Words,3,Crossword / mini,Own clues and grids (we have a generator),Crossword (live),Proprietary publisher content or brand. Rebuild the idea under our own name if at all; never copy their puzzles.
Puzzmo - Spelltower,https://www.puzzmo.com/play/spelltower,Words,3,Letter-set / boggle,Open word list (ENABLE),Letter-set engine,Proprietary publisher content or brand. Rebuild the idea under our own name if at all; never copy their puzzles.
Puzzmo - Typeshift,https://www.puzzmo.com/play/typeshift,Words,3,Word puzzle (other),Self-generated,Grid-guess family (Linkle/Quadlink live),Proprietary publisher content or brand. Rebuild the idea under our own name if at all; never copy their puzzles.
Quickflip,https://puzzmallow.com/quickflip,Words,1,Word puzzle (other),Self-generated,Grid-guess family (Linkle/Quadlink live),"Mechanic is free to rebuild. Use our own code, art, wording and an open or self-made data set."
Quintessential,https://quintessential.fun,Words,1,Word puzzle (other),Self-generated,Grid-guess family (Linkle/Quadlink live),"Mechanic is free to rebuild. Use our own code, art, wording and an open or self-made data set."
Quizmoji,https://quizmoji.com,Words,1,Trivia / multiple choice,"Open Trivia DB, own sets",Daily Five (live),"Mechanic is free to rebuild. Use our own code, art, wording and an open or self-made data set."
Quordle,https://www.merriam-webster.com/games/quordle/#/,Words,1,Grid guess (Wordle-like),Self-generated,Grid-guess family (Linkle/Quadlink live),"Mechanic is free to rebuild. Use our own code, art, wording and an open or self-made data set."
Rackdle,https://rackdle.fun,Words,1,Grid guess (Wordle-like),Self-generated,Grid-guess family (Linkle/Quadlink live),"Mechanic is free to rebuild. Use our own code, art, wording and an open or self-made data set."
RADDLE,https://raddle.quest,Words,1,Grid guess (Wordle-like),Self-generated,Grid-guess family (Linkle/Quadlink live),"Mechanic is free to rebuild. Use our own code, art, wording and an open or self-made data set."
Redividers - Storylines,https://storylines.redividers.app,Words,1,Word puzzle (other),Self-generated,Grid-guess family (Linkle/Quadlink live),"Mechanic is free to rebuild. Use our own code, art, wording and an open or self-made data set."
regexle.ithea.de,https://regexle.ithea.de,Words,1,Grid guess (Wordle-like),Self-generated,Grid-guess family (Linkle/Quadlink live),"Mechanic is free to rebuild. Use our own code, art, wording and an open or self-made data set."
Reversle,https://reversle.net,Words,1,Grid guess (Wordle-like),Self-generated,Grid-guess family (Linkle/Quadlink live),"Mechanic is free to rebuild. Use our own code, art, wording and an open or self-made data set."
Rewordio,https://rewordio.com,Words,1,Grid guess (Wordle-like),Self-generated,Grid-guess family (Linkle/Quadlink live),"Mechanic is free to rebuild. Use our own code, art, wording and an open or self-made data set."
Rhyme Time,https://www.rhymetime.co,Words,1,Word puzzle (other),Self-generated,Grid-guess family (Linkle/Quadlink live),"Mechanic is free to rebuild. Use our own code, art, wording and an open or self-made data set."
Scramble,https://playscramble.vercel.app/?daily=1,Words,1,Grid guess (Wordle-like),Self-generated,Grid-guess family (Linkle/Quadlink live),"Mechanic is free to rebuild. Use our own code, art, wording and an open or self-made data set."
Searchle,https://searchle.net,Words,1,Grid guess (Wordle-like),Self-generated,Grid-guess family (Linkle/Quadlink live),"Mechanic is free to rebuild. Use our own code, art, wording and an open or self-made data set."
sedecordle,https://sedecordle.com,Words,1,Grid guess (Wordle-like),Self-generated,Grid-guess family (Linkle/Quadlink live),"Mechanic is free to rebuild. Use our own code, art, wording and an open or self-made data set."
Semantle,https://semantle.com,Words,1,Grid guess (Wordle-like),Self-generated,Grid-guess family (Linkle/Quadlink live),"Mechanic is free to rebuild. Use our own code, art, wording and an open or self-made data set."
Sexaginta-quattuordle,https://64ordle.au/?mode=daily,Words,1,Grid guess (Wordle-like),Self-generated,Grid-guess family (Linkle/Quadlink live),"Mechanic is free to rebuild. Use our own code, art, wording and an open or self-made data set."
Shrinkle,https://shrinkle.org,Words,1,Grid guess (Wordle-like),Self-generated,Grid-guess family (Linkle/Quadlink live),"Mechanic is free to rebuild. Use our own code, art, wording and an open or self-made data set."
Shuffalo,https://www.newyorker.com/puzzles-and-games-dept/shuffalo,Words,1,Logic grid / number logic,Self-generated (we have a Sudoku generator),Sudoku family (live) + more logic types,"Mechanic is free to rebuild. Use our own code, art, wording and an open or self-made data set."
Silly Little Codes,https://playsillylittlegames.com/codes,Words,1,Grid guess (Wordle-like),Self-generated,Grid-guess family (Linkle/Quadlink live),"Mechanic is free to rebuild. Use our own code, art, wording and an open or self-made data set."
Slate - Pears,https://slate.com/games/pears,Words,1,Word puzzle (other),Self-generated,Grid-guess family (Linkle/Quadlink live),"Mechanic is free to rebuild. Use our own code, art, wording and an open or self-made data set."
Smixed,https://smixed.com,Words,1,Word puzzle (other),Self-generated,Grid-guess family (Linkle/Quadlink live),"Mechanic is free to rebuild. Use our own code, art, wording and an open or self-made data set."
Smush,https://www.hankgreen.com/smush/,Words,1,Word puzzle (other),Self-generated,Grid-guess family (Linkle/Quadlink live),"Mechanic is free to rebuild. Use our own code, art, wording and an open or self-made data set."
Sortdle,https://sortdle.com,Words,1,Grouping / connections,Own word lists and themes,Grouping engine,"Mechanic is free to rebuild. Use our own code, art, wording and an open or self-made data set."
SpaceWord,https://spaceword.org,Words,1,Grid guess (Wordle-like),Self-generated,Grid-guess family (Linkle/Quadlink live),"Mechanic is free to rebuild. Use our own code, art, wording and an open or self-made data set."
Spell Bee,https://www.spell-bee.com/game-daily.html,Words,1,Letter-set / boggle,Open word list (ENABLE),Letter-set engine,"Mechanic is free to rebuild. Use our own code, art, wording and an open or self-made data set."
Spellcheck,https://spellcheck.xyz,Words,1,Letter-set / boggle,Open word list (ENABLE),Letter-set engine,"Mechanic is free to rebuild. Use our own code, art, wording and an open or self-made data set."
Spellie,https://spelliegame.com,Words,1,Letter-set / boggle,Open word list (ENABLE),Letter-set engine,"Mechanic is free to rebuild. Use our own code, art, wording and an open or self-made data set."
Spelling Bee,https://spellsbee.com,Words,1,Letter-set / boggle,Open word list (ENABLE),Letter-set engine,"Mechanic is free to rebuild. Use our own code, art, wording and an open or self-made data set."
Spelling Bee (Lessgames),https://lessgames.com/spellingbee,Words,1,Letter-set / boggle,Open word list (ENABLE),Letter-set engine,"Mechanic is free to rebuild. Use our own code, art, wording and an open or self-made data set."
Spindle,https://playspindle.com,Words,1,Grid guess (Wordle-like),Self-generated,Grid-guess family (Linkle/Quadlink live),"Mechanic is free to rebuild. Use our own code, art, wording and an open or self-made data set."
Sporcle Daily Acrostic,https://www.sporcle.com/acrostic/todays-acrostic,Words,3,Grid guess (Wordle-like),Self-generated,Grid-guess family (Linkle/Quadlink live),Proprietary publisher content or brand. Rebuild the idea under our own name if at all; never copy their puzzles.
Squardle,https://fubargames.se/squardle,Words,1,Grid guess (Wordle-like),Self-generated,Grid-guess family (Linkle/Quadlink live),"Mechanic is free to rebuild. Use our own code, art, wording and an open or self-made data set."
Squaredle,https://squaredle.app,Words,1,Grid guess (Wordle-like),Self-generated,Grid-guess family (Linkle/Quadlink live),"Mechanic is free to rebuild. Use our own code, art, wording and an open or self-made data set."
Squares,https://squares.org,Words,1,Word puzzle (other),Self-generated,Grid-guess family (Linkle/Quadlink live),"Mechanic is free to rebuild. Use our own code, art, wording and an open or self-made data set."
Squareword,https://squareword.org,Words,1,Grid guess (Wordle-like),Self-generated,Grid-guess family (Linkle/Quadlink live),"Mechanic is free to rebuild. Use our own code, art, wording and an open or self-made data set."
Squeezy,https://imsqueezy.com,Words,1,Word puzzle (other),Self-generated,Grid-guess family (Linkle/Quadlink live),"Mechanic is free to rebuild. Use our own code, art, wording and an open or self-made data set."
Stackdown,https://puzzlist.com/stackdown/,Words,1,Word puzzle (other),Self-generated,Grid-guess family (Linkle/Quadlink live),"Mechanic is free to rebuild. Use our own code, art, wording and an open or self-made data set."
Stacked,https://stacked.clevergoat.com,Words,1,Word puzzle (other),Self-generated,Grid-guess family (Linkle/Quadlink live),"Mechanic is free to rebuild. Use our own code, art, wording and an open or self-made data set."
Stackle,https://www.stackle.fun,Words,1,Grid guess (Wordle-like),Self-generated,Grid-guess family (Linkle/Quadlink live),"Mechanic is free to rebuild. Use our own code, art, wording and an open or self-made data set."
Stat Mini Crossword,https://www.statnews.com/stat-mini-crossword/,Words,1,Crossword / mini,Own clues and grids (we have a generator),Crossword (live),"Mechanic is free to rebuild. Use our own code, art, wording and an open or self-made data set."
SteppedUpdle,https://steppedupdle.com,Words,1,Grid guess (Wordle-like),Self-generated,Grid-guess family (Linkle/Quadlink live),"Mechanic is free to rebuild. Use our own code, art, wording and an open or self-made data set."
Stepwords,https://stepwords.xyz,Words,1,Grid guess (Wordle-like),Self-generated,Grid-guess family (Linkle/Quadlink live),"Mechanic is free to rebuild. Use our own code, art, wording and an open or self-made data set."
Summit Game,https://summit-puzzle.me,Words,1,Logic grid / number logic,Self-generated (we have a Sudoku generator),Sudoku family (live) + more logic types,"Mechanic is free to rebuild. Use our own code, art, wording and an open or self-made data set."
Survivle,https://lazyguyy.github.io/survivle,Words,1,Grid guess (Wordle-like),Self-generated,Grid-guess family (Linkle/Quadlink live),"Mechanic is free to rebuild. Use our own code, art, wording and an open or self-made data set."
Swapple,https://nibble.games/swapple/swapple-easy.html,Words,1,Grid guess (Wordle-like),Self-generated,Grid-guess family (Linkle/Quadlink live),"Mechanic is free to rebuild. Use our own code, art, wording and an open or self-made data set."
Symble,https://www.symble.app,Words,1,Grid guess (Wordle-like),Self-generated,Grid-guess family (Linkle/Quadlink live),"Mechanic is free to rebuild. Use our own code, art, wording and an open or self-made data set."
TED - Letterbrew,https://www.ted.com/games/letter-brew,Words,1,Letter-set / boggle,Open word list (ENABLE),Letter-set engine,"Mechanic is free to rebuild. Use our own code, art, wording and an open or self-made data set."
TED - Spellcheck,https://www.ted.com/games/spellcheck,Words,1,Letter-set / boggle,Open word list (ENABLE),Letter-set engine,"Mechanic is free to rebuild. Use our own code, art, wording and an open or self-made data set."
The Atlantic Crossword,https://www.theatlantic.com/games/daily-crossword/,Words,1,Crossword / mini,Own clues and grids (we have a generator),Crossword (live),"Mechanic is free to rebuild. Use our own code, art, wording and an open or self-made data set."
The Daily Spell,https://www.the-daily-spell.com/today,Words,1,Letter-set / boggle,Open word list (ENABLE),Letter-set engine,"Mechanic is free to rebuild. Use our own code, art, wording and an open or self-made data set."
The Guardian - Cryptic Crossword,https://www.theguardian.com/crosswords/series/cryptic,Words,3,Crossword / mini,Own clues and grids (we have a generator),Crossword (live),Proprietary publisher content or brand. Rebuild the idea under our own name if at all; never copy their puzzles.
The Guardian - Quick Crossword,https://www.theguardian.com/crosswords/series/quick,Words,3,Crossword / mini,Own clues and grids (we have a generator),Crossword (live),Proprietary publisher content or brand. Rebuild the idea under our own name if at all; never copy their puzzles.
Thirdle,https://thirdle.org,Words,1,Grid guess (Wordle-like),Self-generated,Grid-guess family (Linkle/Quadlink live),"Mechanic is free to rebuild. Use our own code, art, wording and an open or self-made data set."
Three Magic Words,https://www.threemagicwords.app/play,Words,1,Grid guess (Wordle-like),Self-generated,Grid-guess family (Linkle/Quadlink live),"Mechanic is free to rebuild. Use our own code, art, wording and an open or self-made data set."
Threepeat,https://onelook.com/threepeat,Words,1,Word puzzle (other),Self-generated,Grid-guess family (Linkle/Quadlink live),"Mechanic is free to rebuild. Use our own code, art, wording and an open or self-made data set."
Tic-Tac-Word,https://www.tictacword.com,Words,1,Grid guess (Wordle-like),Self-generated,Grid-guess family (Linkle/Quadlink live),"Mechanic is free to rebuild. Use our own code, art, wording and an open or self-made data set."
Tiled Words,https://tiledwords.com,Words,1,Grid guess (Wordle-like),Self-generated,Grid-guess family (Linkle/Quadlink live),"Mechanic is free to rebuild. Use our own code, art, wording and an open or self-made data set."
Tiler,https://gamebunny.app/tiler,Words,1,Word puzzle (other),Self-generated,Grid-guess family (Linkle/Quadlink live),"Mechanic is free to rebuild. Use our own code, art, wording and an open or self-made data set."
Toddle,https://toddle-puzzle.web.app,Words,1,Logic grid / number logic,Self-generated (we have a Sudoku generator),Sudoku family (live) + more logic types,"Mechanic is free to rebuild. Use our own code, art, wording and an open or self-made data set."
Tracell,https://tracellgame.com,Words,1,Word puzzle (other),Self-generated,Grid-guess family (Linkle/Quadlink live),"Mechanic is free to rebuild. Use our own code, art, wording and an open or self-made data set."
Traindle,https://www.traindle.io,Words,1,Grid guess (Wordle-like),Self-generated,Grid-guess family (Linkle/Quadlink live),"Mechanic is free to rebuild. Use our own code, art, wording and an open or self-made data set."
trms,https://impliedampersand.itch.io/trms,Words,1,Word puzzle (other),Self-generated,Grid-guess family (Linkle/Quadlink live),"Mechanic is free to rebuild. Use our own code, art, wording and an open or self-made data set."
Truncate,https://truncate.town,Words,1,Word puzzle (other),Self-generated,Grid-guess family (Linkle/Quadlink live),"Mechanic is free to rebuild. Use our own code, art, wording and an open or self-made data set."
Underline,https://www.fromthethink.com/underline,Words,1,Word puzzle (other),Self-generated,Grid-guess family (Linkle/Quadlink live),"Mechanic is free to rebuild. Use our own code, art, wording and an open or self-made data set."
Unolingo,https://games.usatoday.com/games/uclick-unolingo,Words,1,Chess/board puzzle,Lichess (CC0) for chess; self-made for the rest,Chess (live),"Mechanic is free to rebuild. Use our own code, art, wording and an open or self-made data set."
Verticle,https://verticle.netlify.app,Words,1,Grid guess (Wordle-like),Self-generated,Grid-guess family (Linkle/Quadlink live),"Mechanic is free to rebuild. Use our own code, art, wording and an open or self-made data set."
Vowel Play,https://bythomas.co.uk/vowelplay,Words,1,Word puzzle (other),Self-generated,Grid-guess family (Linkle/Quadlink live),"Mechanic is free to rebuild. Use our own code, art, wording and an open or self-made data set."
Vox Daily Crossword,https://www.vox.com/21523212/crossword-puzzles-free-daily-printable,Words,1,Crossword / mini,Own clues and grids (we have a generator),Crossword (live),"Mechanic is free to rebuild. Use our own code, art, wording and an open or self-made data set."
Waffle,https://wafflegame.net/daily,Words,1,Grid guess (Wordle-like),Self-generated,Grid-guess family (Linkle/Quadlink live),"Mechanic is free to rebuild. Use our own code, art, wording and an open or self-made data set."
Washington Post Crossword,https://www.washingtonpost.com/games/crossword/,Words,3,Crossword / mini,Own clues and grids (we have a generator),Crossword (live),Proprietary publisher content or brand. Rebuild the idea under our own name if at all; never copy their puzzles.
Weaver,https://weavergame.org,Words,1,Word puzzle (other),Self-generated,Grid-guess family (Linkle/Quadlink live),"Mechanic is free to rebuild. Use our own code, art, wording and an open or self-made data set."
werdel,https://bennw.github.io/werdel/#daily,Words,1,Word puzzle (other),Self-generated,Grid-guess family (Linkle/Quadlink live),"Mechanic is free to rebuild. Use our own code, art, wording and an open or self-made data set."
Worchle,https://www.worchle.com,Words,1,Grid guess (Wordle-like),Self-generated,Grid-guess family (Linkle/Quadlink live),"Mechanic is free to rebuild. Use our own code, art, wording and an open or self-made data set."
Word Box,https://wordbox.game,Words,1,Grid guess (Wordle-like),Self-generated,Grid-guess family (Linkle/Quadlink live),"Mechanic is free to rebuild. Use our own code, art, wording and an open or self-made data set."
Word Chain,https://wordnerd.co/wordchain,Words,1,Grouping / connections,Own word lists and themes,Grouping engine,"Mechanic is free to rebuild. Use our own code, art, wording and an open or self-made data set."
Word Chase,https://wordchase.semantle.com,Words,1,Grid guess (Wordle-like),Self-generated,Grid-guess family (Linkle/Quadlink live),"Mechanic is free to rebuild. Use our own code, art, wording and an open or self-made data set."
Word Connection,https://www.thewordfinder.com/word-connection,Words,1,Grouping / connections,Own word lists and themes,Grouping engine,"Mechanic is free to rebuild. Use our own code, art, wording and an open or self-made data set."
Word Grid,https://wordgrid.clevergoat.com,Words,1,Logic grid / number logic,Self-generated (we have a Sudoku generator),Sudoku family (live) + more logic types,"Mechanic is free to rebuild. Use our own code, art, wording and an open or self-made data set."
Word Ladder,https://wordladder.com,Words,1,Grid guess (Wordle-like),Self-generated,Grid-guess family (Linkle/Quadlink live),"Mechanic is free to rebuild. Use our own code, art, wording and an open or self-made data set."
Word Peaks,https://vegeta897.github.io/word-peaks,Words,1,Grid guess (Wordle-like),Self-generated,Grid-guess family (Linkle/Quadlink live),"Mechanic is free to rebuild. Use our own code, art, wording and an open or self-made data set."
Word Salad,https://wordsalad.online,Words,1,Grid guess (Wordle-like),Self-generated,Grid-guess family (Linkle/Quadlink live),"Mechanic is free to rebuild. Use our own code, art, wording and an open or self-made data set."
Word to your Mother,https://w2ym.org,Words,1,Grid guess (Wordle-like),Self-generated,Grid-guess family (Linkle/Quadlink live),"Mechanic is free to rebuild. Use our own code, art, wording and an open or self-made data set."
Word Waffle,https://wordwaffle.org,Words,1,Grid guess (Wordle-like),Self-generated,Grid-guess family (Linkle/Quadlink live),"Mechanic is free to rebuild. Use our own code, art, wording and an open or self-made data set."
Word Zip,https://www.wfhgames.com/word-zip,Words,1,Grid guess (Wordle-like),Self-generated,Grid-guess family (Linkle/Quadlink live),"Mechanic is free to rebuild. Use our own code, art, wording and an open or self-made data set."
word.golf,https://word.golf,Words,1,Grid guess (Wordle-like),Self-generated,Grid-guess family (Linkle/Quadlink live),"Mechanic is free to rebuild. Use our own code, art, wording and an open or self-made data set."
Word500,https://word500.com/game?mode=daily,Words,1,Grid guess (Wordle-like),Self-generated,Grid-guess family (Linkle/Quadlink live),"Mechanic is free to rebuild. Use our own code, art, wording and an open or self-made data set."
WordAll,https://wordall.xyz,Words,1,Grid guess (Wordle-like),Self-generated,Grid-guess family (Linkle/Quadlink live),"Mechanic is free to rebuild. Use our own code, art, wording and an open or self-made data set."
Wordamid,https://www.wordamid.com,Words,1,Grid guess (Wordle-like),Self-generated,Grid-guess family (Linkle/Quadlink live),"Mechanic is free to rebuild. Use our own code, art, wording and an open or self-made data set."
Wordcell,https://gamebunny.app/wordcell,Words,1,Grid guess (Wordle-like),Self-generated,Grid-guess family (Linkle/Quadlink live),"Mechanic is free to rebuild. Use our own code, art, wording and an open or self-made data set."
Wordcrux,https://wordcrux.com,Words,1,Grid guess (Wordle-like),Self-generated,Grid-guess family (Linkle/Quadlink live),"Mechanic is free to rebuild. Use our own code, art, wording and an open or self-made data set."
Wordfall,https://play-wordfall.com,Words,1,Grid guess (Wordle-like),Self-generated,Grid-guess family (Linkle/Quadlink live),"Mechanic is free to rebuild. Use our own code, art, wording and an open or self-made data set."
Wordga,https://wordga.com/daily,Words,1,Grid guess (Wordle-like),Self-generated,Grid-guess family (Linkle/Quadlink live),"Mechanic is free to rebuild. Use our own code, art, wording and an open or self-made data set."
Wordgy,https://wordgy.com,Words,1,Grid guess (Wordle-like),Self-generated,Grid-guess family (Linkle/Quadlink live),"Mechanic is free to rebuild. Use our own code, art, wording and an open or self-made data set."
Wordiply,https://www.wordiply.com,Words,1,Grid guess (Wordle-like),Self-generated,Grid-guess family (Linkle/Quadlink live),"Mechanic is free to rebuild. Use our own code, art, wording and an open or self-made data set."
Wordistance,https://wordistance.com,Words,1,Higher / lower / estimate,"Open statistics (Wikidata, World Bank)",Higher-lower engine,"Mechanic is free to rebuild. Use our own code, art, wording and an open or self-made data set."
Wordless,https://lessgames.com/wordless,Words,1,Grid guess (Wordle-like),Self-generated,Grid-guess family (Linkle/Quadlink live),"Mechanic is free to rebuild. Use our own code, art, wording and an open or self-made data set."
WordLink,https://playwordlink.com,Words,1,Grouping / connections,Own word lists and themes,Grouping engine,"Mechanic is free to rebuild. Use our own code, art, wording and an open or self-made data set."
Wordloop,https://word-loop.com,Words,1,Grid guess (Wordle-like),Self-generated,Grid-guess family (Linkle/Quadlink live),"Mechanic is free to rebuild. Use our own code, art, wording and an open or self-made data set."
words for days,https://wordsfordays.com,Words,1,Grid guess (Wordle-like),Self-generated,Grid-guess family (Linkle/Quadlink live),"Mechanic is free to rebuild. Use our own code, art, wording and an open or self-made data set."
WordSmyth,https://playwordsmyth.com,Words,1,Grid guess (Wordle-like),Self-generated,Grid-guess family (Linkle/Quadlink live),"Mechanic is free to rebuild. Use our own code, art, wording and an open or self-made data set."
Wordspan,https://puzzmallow.com/wordspan,Words,1,Grid guess (Wordle-like),Self-generated,Grid-guess family (Linkle/Quadlink live),"Mechanic is free to rebuild. Use our own code, art, wording and an open or self-made data set."
WordWavr,https://wordwavr.app,Words,1,Grid guess (Wordle-like),Self-generated,Grid-guess family (Linkle/Quadlink live),"Mechanic is free to rebuild. Use our own code, art, wording and an open or self-made data set."
Wormle,https://wormle.com,Words,1,Grid guess (Wordle-like),Self-generated,Grid-guess family (Linkle/Quadlink live),"Mechanic is free to rebuild. Use our own code, art, wording and an open or self-made data set."
WRDLINK,https://www.wrdlink.io,Words,1,Grouping / connections,Own word lists and themes,Grouping engine,"Mechanic is free to rebuild. Use our own code, art, wording and an open or self-made data set."
Wridges,https://www.washingtonpost.com/games/wridges/,Words,1,Word puzzle (other),Self-generated,Grid-guess family (Linkle/Quadlink live),"Mechanic is free to rebuild. Use our own code, art, wording and an open or self-made data set."
Wrodeo,https://wrodeo.com,Words,1,Word puzzle (other),Self-generated,Grid-guess family (Linkle/Quadlink live),"Mechanic is free to rebuild. Use our own code, art, wording and an open or self-made data set."
Yellow Yellow,https://yellowyellow.xyz/,Words,1,Word puzzle (other),Self-generated,Grid-guess family (Linkle/Quadlink live),"Mechanic is free to rebuild. Use our own code, art, wording and an open or self-made data set."
Zaggle,https://playzaggle.com,Words,1,Grid guess (Wordle-like),Self-generated,Grid-guess family (Linkle/Quadlink live),"Mechanic is free to rebuild. Use our own code, art, wording and an open or self-made data set."
